,Date,Trap,Site,Animal_No,Microchip,Left_ear,Right_ear,Sex,Repro_status,PY_CR,Age,Time,Handler,Approach,Bag_on,Door_open,Bag_before,Bag_during,Vocalise,Heavy_breathing,Trap_damage,Joey_eject,No_Caps,previous_captures,Total_prev_caps,Cumulative_score,Haven,Region,Animal_ID
1,15/03/2022,F17,PerupSanctuary,16939ANEAA,9.56E+14,DN8061,DN8062,M,NA,NA,A,6.23,1,3,3,3,1,3,1,1,0,NA,2,1,3,13,Havened,UpperWarren,16939ANEAA
2,15/03/2022,F18,PerupSanctuary,19305ANEAA,9.56E+14,DL4990,DL4991,F,SUCKLING,20,A,6.38,1,3,3,3,1,1,0,0,0,0,0,1,1,11,Havened,UpperWarren,19305ANEAA
3,15/03/2022,F19,PerupSanctuary,18999ANEAA,9.56E+14,DL4803,DL4804,M,NA,NA,A,6.34,2,1,1,1,0,0,0,1,0,NA,2,1,3,3,Havened,UpperWarren,18999ANEAA
4,15/03/2022,F20,PerupSanctuary,19010ANEAA,9.56E+14,DN8683,DN8684,F,SUCKLING,20,A,6.46,2,1,1,1,1,1,0,0,0,0,1,1,2,5,Havened,UpperWarren,19010ANEAA
5,15/03/2022,G11,PerupSanctuary,17999ANEAA,9.56E+14,DL4705,DN8483,F,SUCKLING,40,A,6.43,3,0,0,0,1,1,0,0,0,0,1,1,2,2,Havened,UpperWarren,17999ANEAA
6,15/03/2022,G12,PerupSanctuary,19298ANEAA,9.56E+14,DL4708,DL4709,F,SUCKLING,30,A,7.2,3,3,3,3,1,0,0,0,0,NA,0,1,1,10,Havened,UpperWarren,19298ANEAA
7,15/03/2022,G15,PerupSanctuary,18248ANEAA,9.56E+14,DN8192,DN8193,F,SUC_LACA,20,A,6.24,6,0,1,2,0,0,0,0,0,0,10,1,11,3,Havened,UpperWarren,18248ANEAA
8,15/03/2022,H11,PerupSanctuary,16862ANEAA,9.56E+14,DN8162,DL4719,F,SUCKLING,45,A,6.2,3,1,0,3,2,1,0,0,0,0,4,1,5,7,Havened,UpperWarren,16862ANEAA
9,15/03/2022,H16,PerupSanctuary,19303ANEAA,9.56E+14,DL4813,DL4814,M,NA,NA,S,6.5,6,0,2,2,0,0,0,0,0,NA,0,1,1,4,Havened,UpperWarren,19303ANEAA
10,15/03/2022,H20,PerupSanctuary,19296ANEAA,9.56E+14,DL4199,DL4200,F,PAR_NOAC,NA,A,7.08,2,0,1,1,1,2,1,0,0,NA,0,1,1,5,Havened,UpperWarren,19296ANEAA
11,15/03/2022,I11,PerupSanctuary,17400ANEAA,9.56E+14,DN8134,DN8135,M,NA,NA,A,8.19,5,1,2,2,1,1,1,0,0,NA,16,1,17,7,Havened,UpperWarren,17400ANEAA
12,15/03/2022,I12,PerupSanctuary,19299ANEAA,9.56E+14,DL4710,DL4711,F,ACTV_PCH,NA,A,7.38,3,3,3,2,0,0,0,0,0,0,0,1,1,8,Havened,UpperWarren,19299ANEAA
13,15/03/2022,I16,PerupSanctuary,18628ANEAA,9.56E+14,DN7974,DL4015,F,SUCKLING,50,A,7.03,6,0,0,2,0,1,0,0,0,0,3,1,4,3,Havened,UpperWarren,18628ANEAA
14,15/03/2022,I18,PerupSanctuary,17039ANEAA,9.56E+14,DN8299,DN8300,M,NA,NA,A,6.57,1,1,1,1,1,2,1,1,0,NA,14,1,15,6,Havened,UpperWarren,17039ANEAA
15,15/03/2022,I19,PerupSanctuary,17406ANEAA,9.56E+14,DN8824,DN7973,F,NOT_REC,NA,A,8.38,6,0,1,2,0,1,0,0,0,NA,5,1,6,4,Havened,UpperWarren,17406ANEAA
16,15/03/2022,I20,PerupSanctuary,17367ANEAA,9.56E+14,DN8878,DN8879,M,NA,NA,A,7.2,2,1,2,1,1,1,1,1,0,NA,15,1,16,6,Havened,UpperWarren,17367ANEAA
17,15/03/2022,J11,PerupSanctuary,17397ANEAA,9.56E+14,DN8356,DN8357,F,ACTV_PCH,NA,A,8.3,5,2,1,2,1,1,1,0,0,NA,8,1,9,7,Havened,UpperWarren,17397ANEAA
18,15/03/2022,J12,PerupSanctuary,19300ANEAA,9.56E+14,DL 4712,DL4713,M,NA,NA,A,7.55,3,3,3,2,3,1,1,0,0,NA,0,1,1,12,Havened,UpperWarren,19300ANEAA
19,15/03/2022,J14,PerupSanctuary,19020ANEAA,9.56E+14,DL4024,DL4025,F,LACTATNG,NA,A,6.36,5,2,2,2,1,1,0,0,0,0,1,1,2,8,Havened,UpperWarren,19020ANEAA
20,15/03/2022,J15,PerupSanctuary,14962ANEAA,9.56E+14,DN8464,DL4815,M,NA,NA,A,8.09,6,0,1,2,0,0,0,0,0,NA,15,1,16,3,Havened,UpperWarren,14962ANEAA
21,15/03/2022,J16,PerupSanctuary,15631ANEAA,9.56E+14,DN7285,DN7286,M,NA,NA,A,7.15,6,0,0,2,0,1,0,0,0,NA,17,1,18,3,Havened,UpperWarren,15631ANEAA
22,15/03/2022,J17,PerupSanctuary,18609ANEAA,9.56E+14,DL4403,DL4404,F,SUCKLING,60,A,8.36,1,1,0,0,0,1,0,0,0,NA,7,1,8,2,Havened,UpperWarren,18609ANEAA
23,15/03/2022,J19,PerupSanctuary,19304ANEAA,9.56E+14,DL4816,DL4817,F,UNDEVLPD,NA,S,8.49,6,0,0,3,0,0,0,0,0,0,0,1,1,3,Havened,UpperWarren,19304ANEAA
24,15/03/2022,J20,PerupSanctuary,18998ANEAA,9.56E+14,DL4013,DL4014,M,NA,NA,A,7.29,2,2,1,1,1,1,0,0,0,NA,2,1,3,6,Havened,UpperWarren,18998ANEAA
25,15/03/2022,K12,PerupSanctuary,19025ANEAA,9.56E+14,DL4934,DL4935,F,PAR_NOAC,NA,A,8.09,3,3,3,2,3,1,1,1,0,NA,1,1,2,12,Havened,UpperWarren,19025ANEAA
26,15/03/2022,K13,PerupSanctuary,19302ANEAA,9.56E+14,DL4284,DL4285,F,UNDEVLPD,NA,S,7.49,5,2,1,1,1,1,0,0,0,0,0,1,1,6,Havened,UpperWarren,19302ANEAA
27,15/03/2022,K14,PerupSanctuary,19301ANEAA,9.56E+14,DL4282,DL4283,F,PAR_NOAC,NA,A,6.49,5,1,2,2,1,1,1,0,0,0,0,1,1,7,Havened,UpperWarren,19301ANEAA
28,15/03/2022,K17,PerupSanctuary,18610ANEAA,9.56E+14,DL4405,DL4406,M,NA,NA,A,8.27,1,1,2,2,1,1,0,0,0,NA,8,1,9,7,Havened,UpperWarren,18610ANEAA
29,15/03/2022,K18,PerupSanctuary,16967ANEAA,9.56E+14,DN8826,DN8331,M,NA,NA,A,7.12,1,1,2,2,2,1,0,0,0,0,25,1,26,8,Havened,UpperWarren,16967ANEAA
30,15/03/2022,L13,PerupSanctuary,15150ANEAA,9.56E+14,DN3641,DN3642,M,NA,NA,A,7.4,5,3,2,2,1,2,0,0,0,NA,36,1,37,10,Havened,UpperWarren,15150ANEAA
31,15/03/2022,L18,PerupSanctuary,17873ANEAA,9.56E+14,DN8460,DN8461,F,ACTV_PCH,NA,A,7.24,1,1,1,2,2,1,0,0,0,NA,16,1,17,7,Havened,UpperWarren,17873ANEAA
32,15/03/2022,L19,PerupSanctuary,16962ANEAA,9.56E+14,DN8717,DN8606,M,NA,NA,A,8.5,2,2,1,1,1,0,0,0,0,NA,17,1,18,5,Havened,UpperWarren,16962ANEAA
33,15/03/2022,M15,PerupSanctuary,13785ANEAA,9.56E+14,DN5427,DN5426,M,NA,NA,A,7.53,6,2,2,2,0,1,0,1,0,NA,37,2,39,7,Havened,UpperWarren,13785ANEAA
34,15/03/2022,M18,PerupSanctuary,17388ANEAA,9.56E+14,DN7961,DN7962,M,NA,NA,A,7.36,1,1,2,2,1,1,0,0,0,NA,20,1,21,7,Havened,UpperWarren,17388ANEAA
35,15/03/2022,M19,PerupSanctuary,18608ANEAA,9.56E+14,DL4401,DL4402,M,NA,NA,A,8.42,2,0,0,1,1,1,0,0,0,NA,7,1,8,3,Havened,UpperWarren,18608ANEAA
36,15/03/2022,M20,PerupSanctuary,18611ANEAA,9.56E+14,DN7964,DN7965,F,SUCKLING,60,A,7.52,2,2,1,1,1,1,1,0,0,0,7,1,8,6,Havened,UpperWarren,18611ANEAA
37,15/03/2022,N11,PerupSanctuary,18629ANEAA,9.56E+14,DN7928,DN7929,M,NA,NA,A,8.48,5,2,2,2,1,2,1,0,0,NA,3,1,4,9,Havened,UpperWarren,18629ANEAA
38,15/03/2022,N12,PerupSanctuary,16918ANEAA,9.56E+14,DN8542,DN8543,F,SUCKLING,40,A,8.25,7,3,3,3,1,1,0,1,0,0,6,1,7,11,Havened,UpperWarren,16918ANEAA
39,15/03/2022,N13,PerupSanctuary,13785ANEAA,9.56E+14,DN5427,DN5426,M,NA,NA,A,7.27,5,1,1,1,1,1,1,0,0,NA,37,2,39,5,Havened,UpperWarren,13785ANEAA
40,15/03/2022,N14,PerupSanctuary,18596ANEAA,9.56E+14,DL4260,DL4261,F,SUCKLING,35,A,7.08,5,2,2,2,1,2,0,0,1,0,5,1,6,9,Havened,UpperWarren,18596ANEAA
41,15/03/2022,N16,PerupSanctuary,17013ANEAA,9.56E+14,DN8207,DN7963,M,NA,NA,A,7.31,6,0,0,2,0,0,0,0,0,NA,21,1,22,2,Havened,UpperWarren,17013ANEAA
42,15/03/2022,N17,PerupSanctuary,18612ANEAA,NA,DN7966,DN7967,M,NA,NA,A,8.09,1,2,2,2,2,2,0,1,0,NA,7,1,8,10,Havened,UpperWarren,18612ANEAA
43,15/03/2022,N18,PerupSanctuary,15584ANEAA,9.56E+14,DN8499,DN7735,M,NA,NA,A,7.46,1,1,1,1,1,1,0,0,0,NA,20,1,21,5,Havened,UpperWarren,15584ANEAA
44,15/03/2022,N19,PerupSanctuary,18622ANEAA,9.56E+14,DL4412,DL4413,F,SUCKLING,35,A,8.32,2,1,1,1,0,1,0,0,0,0,5,1,6,4,Havened,UpperWarren,18622ANEAA
45,15/03/2022,N20,PerupSanctuary,16897ANEAA,9.56E+14,DN8551,DN8552,F,SUCKLING,65,A,8.01,2,2,1,1,2,1,1,0,0,0,13,1,14,7,Havened,UpperWarren,16897ANEAA
46,15/03/2022,O11,PerupSanctuary,15135ANEAA,9.56E+14,DN7035,DL4976,M,NA,NA,A,8.5,7,0,1,1,0,0,0,0,0,NA,34,1,35,2,Havened,UpperWarren,15135ANEAA
47,15/03/2022,O16,PerupSanctuary,18283ANEAA,9.56E+14,DN8724,DN8725,F,SUCKLING,30,A,7.39,6,0,1,2,0,1,0,0,0,0,11,1,12,4,Havened,UpperWarren,18283ANEAA
48,15/03/2022,O19,PerupSanctuary,18289ANEAA,9.56E+14,DL4032,DL4033,F,PAR_NOAC,NA,A,8.19,2,1,1,1,1,1,1,0,0,NA,5,1,6,5,Havened,UpperWarren,18289ANEAA
49,16/03/2022,F11,PerupSanctuary,17999ANEAA,NA,DL4705,DN8483,F,SUCKLING,40,A,6.33,3,0,0,0,0,0,0,0,0,0,1,2,3,0,Havened,UpperWarren,17999ANEAA
50,16/03/2022,F13,PerupSanctuary,19306ANEAA,9.56E+14,DL4286,DL4287,M,NA,NA,S,6.06,5,0,1,1,0,0,0,0,0,NA,0,1,1,2,Havened,UpperWarren,19306ANEAA
51,16/03/2022,F14,PerupSanctuary,17951ANEAA,9.56E+14,DN8377,DN8378,M,NA,NA,A,6.18,5,2,2,2,2,2,1,1,0,NA,4,1,5,10,Havened,UpperWarren,17951ANEAA
52,16/03/2022,F16,PerupSanctuary,19315ANEAA,9.56E+14,DL4820,DL4821,F,ACTV_PCH,NA,A,6.19,6,3,3,2,0,0,1,1,1,NA,0,1,1,8,Havened,UpperWarren,19315ANEAA
53,16/03/2022,F17,PerupSanctuary,18999ANEAA,NA,DL4803,DL4804,M,NA,NA,A,6.18,1,0,3,2,1,1,1,0,0,NA,2,2,4,7,Havened,UpperWarren,18999ANEAA
54,16/03/2022,F18,PerupSanctuary,17039ANEAA,NA,DN8299,DN8300,M,NA,NA,A,6.27,1,0,3,1,1,1,0,0,0,NA,14,2,16,6,Havened,UpperWarren,17039ANEAA
55,16/03/2022,F19,PerupSanctuary,19320ANEAA,9.56E+14,DL4174,DL4175,M,NA,NA,A,6.14,2,1,1,2,1,1,0,0,0,NA,0,1,1,6,Havened,UpperWarren,19320ANEAA
56,16/03/2022,F20,PerupSanctuary,19321ANEAA,9.56E+14,DO4779,DO4778,F,SUCKLING,50,A,6.25,2,1,1,1,2,1,0,1,0,NA,0,1,1,6,Havened,UpperWarren,19321ANEAA
57,16/03/2022,G11,PerupSanctuary,19309ANEAA,9.56E+14,DL4714,DL4715,M,NA,NA,A,6.19,3,3,3,3,3,3,1,1,1,NA,0,1,1,15,Havened,UpperWarren,19309ANEAA
58,16/03/2022,G12,PerupSanctuary,17400ANEAA,9.56E+14,DN8134,DN8135,M,NA,NA,A,6.49,3,0,1,1,0,0,0,0,0,NA,16,2,18,2,Havened,UpperWarren,17400ANEAA
59,16/03/2022,G14,PerupSanctuary,19307ANEAA,9.56E+14,DL4288,DL4289,F,SUCKLING,75,A,6.27,5,2,2,2,1,1,1,0,0,0,0,1,1,8,Havened,UpperWarren,19307ANEAA
60,16/03/2022,G15,PerupSanctuary,19314ANEAA,9.56E+14,DL4818,DL4819,F,VIRGINAL,NA,A,6.03,6,0,2,3,0,0,0,0,0,NA,0,1,1,5,Havened,UpperWarren,19314ANEAA
61,16/03/2022,G17,PerupSanctuary,19317ANEAA,9.56E+14,DL4992,DL4993,M,NA,NA,A,6.03,1,3,1,3,1,1,0,0,0,NA,0,1,1,9,Havened,UpperWarren,19317ANEAA
62,16/03/2022,G18,PerupSanctuary,19305ANEAA,NA,DL4990,DL4991,F,SUCKLING,NA,A,6.34,1,3,3,3,1,1,0,0,0,NA,0,2,2,11,Havened,UpperWarren,19305ANEAA
63,16/03/2022,G19,PerupSanctuary,16939ANEAA,9.56E+14,DN8061,DN8062,M,NA,NA,A,6.04,2,3,3,1,2,1,0,1,0,NA,2,2,4,10,Havened,UpperWarren,16939ANEAA
64,16/03/2022,H11,PerupSanctuary,17961ANEAA,9.56E+14,DL4113,DN8147,F,SUCKLING,40,A,6.05,3,0,3,2,0,0,0,0,0,0,8,1,9,5,Havened,UpperWarren,17961ANEAA
65,16/03/2022,H12,PerupSanctuary,16862ANEAA,9.56E+14,DN8162,DL4719,F,LACTATNG,NA,A,6.57,3,0,1,1,0,0,0,0,0,NA,4,2,6,2,Havened,UpperWarren,16862ANEAA
66,16/03/2022,H15,PerupSanctuary,19316ANEAA,9.56E+14,DL4822,DL4823,M,NA,NA,S,8.36,6,0,2,3,0,0,0,0,1,NA,0,1,1,5,Havened,UpperWarren,19316ANEAA
67,16/03/2022,H20,PerupSanctuary,18637ANEAA,9.56E+14,DL4307,DL4308,F,NOT_REC,NA,A,6.45,2,0,1,1,1,1,1,0,0,NA,5,1,6,4,Havened,UpperWarren,18637ANEAA
68,16/03/2022,I11,PerupSanctuary,17950ANEAA,9.56E+14,DN8375,DN8376,F,SUCKLING,20,A,8.51,3,2,1,1,0,0,0,0,0,0,12,1,13,4,Havened,UpperWarren,17950ANEAA
69,16/03/2022,I12,PerupSanctuary,19020ANEAA,9.56E+14,DL4024,DL4025,F,LACTATNG,NA,A,7.11,3,3,2,2,0,0,0,0,0,NA,1,2,3,7,Havened,UpperWarren,19020ANEAA
70,16/03/2022,I14,PerupSanctuary,19300ANEAA,9.56E+14,DL4712,DL4713,M,NA,NA,A,6.51,5,2,2,2,1,1,0,0,0,0,0,2,2,8,Havened,UpperWarren,19300ANEAA
71,16/03/2022,I15,PerupSanctuary,15631ANEAA,9.56E+14,DN7285,DN7286,M,NA,NA,A,8.28,6,2,3,2,0,0,0,0,0,NA,17,2,19,7,Havened,UpperWarren,15631ANEAA
72,16/03/2022,I16,PerupSanctuary,18998ANEAA,9.56E+14,DL4013,DL4014,M,NA,NA,A,6.46,6,2,3,2,0,1,0,0,0,NA,2,2,4,8,Havened,UpperWarren,18998ANEAA
73,16/03/2022,I18,PerupSanctuary,19318ANEAA,9.56E+14,DL4994,DL4995,F,VIRGINAL,NA,S,6.5,1,0,2,1,1,0,0,0,0,NA,0,1,1,4,Havened,UpperWarren,19318ANEAA
74,16/03/2022,I19,PerupSanctuary,19304ANEAA,NA,DL4816,DL4817,F,UNDEVLPD,NA,S,8.49,2,0,0,0,0,0,0,0,0,NA,0,2,2,0,Havened,UpperWarren,19304ANEAA
75,16/03/2022,I20,PerupSanctuary,19322ANEAA,9.56E+14,DL4151,DL4152,M,NA,NA,A,6.57,2,0,1,1,2,1,0,0,0,NA,0,1,1,5,Havened,UpperWarren,19322ANEAA
76,16/03/2022,J11,PerupSanctuary,19313ANEAA,9.56E+14,DL4731,DL4732,M,NA,NA,A,8.39,3,3,3,2,1,0,0,0,0,NA,0,1,1,9,Havened,UpperWarren,19313ANEAA
77,16/03/2022,J12,PerupSanctuary,14962ANEAA,9.56E+14,DN8464,DL4815,M,NA,NA,A,7.19,3,0,0,0,0,0,0,0,0,NA,15,2,17,0,Havened,UpperWarren,14962ANEAA
78,16/03/2022,J14,PerupSanctuary,19301ANEAA,NA,DL4282,DL4283,F,NOT_REC,NA,A,6.57,5,2,2,2,1,1,1,0,0,0,0,2,2,8,Havened,UpperWarren,19301ANEAA
79,16/03/2022,J16,PerupSanctuary,18248ANEAA,9.56E+14,DN8192,DN8193,F,SUC_LACA,20,A,6.58,6,0,0,2,0,0,0,0,0,0,10,2,12,2,Havened,UpperWarren,18248ANEAA
80,16/03/2022,J17,PerupSanctuary,18628ANEAA,NA,DN7974,DL4015,F,SUCKLING,50,A,8.2,1,0,1,1,0,1,0,0,0,0,3,2,5,3,Havened,UpperWarren,18628ANEAA
81,16/03/2022,J20,PerupSanctuary,18995ANEAA,9.56E+14,DL4009,DL4010,F,SUCKLING,25,A,7.08,2,0,1,1,2,2,1,0,0,0,3,1,4,6,Havened,UpperWarren,18995ANEAA
82,16/03/2022,K14,PerupSanctuary,19302ANEAA,NA,DL4284,DL4285,F,NA,NA,S,7.04,5,2,1,2,1,0,0,0,0,NA,0,2,2,6,Havened,UpperWarren,19302ANEAA
83,16/03/2022,K15,PerupSanctuary,18596ANEAA,9.56E+14,DL4260,DL4261,F,SUCKLING,NA,A,8.12,6,3,3,2,1,0,0,0,0,0,5,2,7,9,Havened,UpperWarren,18596ANEAA
84,16/03/2022,K16,PerupSanctuary,16967ANEAA,9.56E+14,DN8826,DN8331,M,NA,NA,A,7.08,6,1,2,2,0,0,0,0,0,NA,25,2,27,5,Havened,UpperWarren,16967ANEAA
85,16/03/2022,K17,PerupSanctuary,18609ANEAA,NA,DL4403,DL4404,F,SUCKLING,60,A,8.12,1,0,2,2,1,1,0,1,0,0,7,2,9,6,Havened,UpperWarren,18609ANEAA
86,16/03/2022,K18,PerupSanctuary,17023ANEAA,9.56E+14,DN8222,DN8223,F,SUCKLING,20,A,7.09,1,0,0,0,1,0,0,0,0,NA,22,1,23,1,Havened,UpperWarren,17023ANEAA
87,16/03/2022,K19,PerupSanctuary,17367ANEAA,9.56E+14,DN8878,DN8879,M,NA,NA,A,8.35,2,0,1,2,1,1,0,0,0,0,15,2,17,5,Havened,UpperWarren,17367ANEAA
88,16/03/2022,K20,PerupSanctuary,19323ANEAA,9.56E+14,DL4153,DL4154,F,VIRGINAL,NA,A,7.2,2,0,1,1,1,1,0,1,0,NA,0,1,1,4,Havened,UpperWarren,19323ANEAA
89,16/03/2022,L12,PerupSanctuary,19310ANEAA,9.56E+14,DL4716,DL4717,M,NA,NA,A,7.29,3,3,2,3,1,0,1,0,0,NA,0,1,1,9,Havened,UpperWarren,19310ANEAA
90,16/03/2022,L13,PerupSanctuary,15150ANEAA,NA,DN3641,DN3642,M,NA,NA,A,8.09,5,2,2,2,0,1,0,0,0,NA,36,2,38,7,Havened,UpperWarren,15150ANEAA
91,16/03/2022,L14,PerupSanctuary,18283ANEAA,NA,DN8724,DN8725,F,SUCKLING,NA,A,7.13,5,0,2,2,1,1,0,0,0,0,11,2,13,6,Havened,UpperWarren,18283ANEAA
92,16/03/2022,L15,PerupSanctuary,13785ANEAA,9.56E+14,DN5427,DN5426,M,NA,NA,A,8.05,6,2,2,2,0,0,0,0,0,NA,37,3,40,6,Havened,UpperWarren,13785ANEAA
93,16/03/2022,L17,PerupSanctuary,18608ANEAA,NA,DL4401,DL4402,M,NA,NA,A,8.07,1,0,NA,1,1,1,0,0,0,0,7,2,9,NA,Havened,UpperWarren,18608ANEAA
94,16/03/2022,L19,PerupSanctuary,18611ANEAA,9.56E+14,DN7964,DN7965,F,SUCKLING,60,A,8.26,2,1,1,1,1,1,0,0,0,0,7,2,9,5,Havened,UpperWarren,18611ANEAA
95,16/03/2022,M12,PerupSanctuary,19311ANEAA,9.56E+14,DL4718,DL4728,F,SUCKLING,25,A,7.45,3,2,2,2,0,0,0,0,0,0,0,1,1,6,Havened,UpperWarren,19311ANEAA
96,16/03/2022,M13,PerupSanctuary,18996ANEAA,9.56E+14,DL4293,DL4949,M,NA,NA,A,8,5,2,2,2,0,1,0,0,0,NA,3,1,4,7,Havened,UpperWarren,18996ANEAA
97,16/03/2022,M15,PerupSanctuary,17388ANEAA,9.56E+14,DN7961,DN7962,M,NA,NA,A,7.57,6,3,3,2,0,1,0,0,0,NA,20,2,22,9,Havened,UpperWarren,17388ANEAA
98,16/03/2022,M18,PerupSanctuary,19319ANEAA,9.56E+14,DL4999,DL4500,F,SUCKLING,20,A,7.24,1,2,2,2,1,1,1,0,0,NA,0,1,1,8,Havened,UpperWarren,19319ANEAA
99,16/03/2022,N11,PerupSanctuary,19312ANEAA,9.56E+14,DL4729,DL4730,M,NA,NA,A,8.15,3,3,3,1,0,0,0,0,0,NA,0,1,1,7,Havened,UpperWarren,19312ANEAA
100,16/03/2022,N14,PerupSanctuary,19308ANEAA,9.56E+14,DL4291,DL4292,M,NA,NA,A,7.23,5,1,1,1,0,1,1,0,0,0,0,1,1,4,Havened,UpperWarren,19308ANEAA
101,16/03/2022,N17,PerupSanctuary,17013ANEAA,NA,DN8207,DN7963,M,NA,NA,A,7.55,1,0,1,1,0,1,0,0,0,0,21,2,23,3,Havened,UpperWarren,17013ANEAA
102,16/03/2022,N19,PerupSanctuary,19324ANEAA,9.56E+14,DL4155,DL4156,M,NA,NA,A,8.08,2,0,1,1,3,1,0,1,0,NA,0,1,1,6,Havened,UpperWarren,19324ANEAA
103,16/03/2022,O11,PerupSanctuary,18600ANEAA,9.56E+14,DL4210,DL4211,F,SUCKLING,35,A,8.06,3,3,3,1,1,0,0,0,0,0,3,1,4,8,Havened,UpperWarren,18600ANEAA
104,16/03/2022,O13,PerupSanctuary,15135ANEAA,9.56E+14,DN7035,DL4976,M,NA,NA,A,7.4,5,0,2,2,1,1,0,1,0,NA,34,2,36,6,Havened,UpperWarren,15135ANEAA
105,16/03/2022,O14,PerupSanctuary,18629ANEAA,NA,DN7928,DN7929,M,NA,NA,A,7.34,5,2,2,2,0,1,0,0,0,0,3,2,5,7,Havened,UpperWarren,18629ANEAA
106,16/03/2022,O16,PerupSanctuary,18994ANEAA,9.56E+14,DL4801,DL4802,F,ACTV_PCH,NA,A,7.33,6,3,3,2,0,0,0,0,0,NA,3,1,4,8,Havened,UpperWarren,18994ANEAA
107,16/03/2022,O17,PerupSanctuary,18622ANEAA,NA,DL4412,DL4413,F,SUCKLING,35,A,7.47,1,0,2,2,1,1,0,0,0,0,5,2,7,6,Havened,UpperWarren,18622ANEAA
108,16/03/2022,O18,PerupSanctuary,15584ANEAA,NA,DN8499,DN7735,M,NA,NA,A,7.38,1,2,2,2,1,0,0,0,0,NA,20,2,22,7,Havened,UpperWarren,15584ANEAA
109,16/03/2022,O19,PerupSanctuary,18612ANEAA,9.56E+14,DN7966,DN7967,M,NA,NA,A,7.59,2,1,2,3,1,1,0,0,1,NA,7,2,9,8,Havened,UpperWarren,18612ANEAA
110,16/03/2022,O20,PerupSanctuary,19014ANEAA,9.56E+14,DL4811,DL4812,F,SUCKLING,20,A,7.48,2,1,2,1,1,0,0,0,0,0,1,1,2,5,Havened,UpperWarren,19014ANEAA
111,17/03/2022,F11,PerupSanctuary,19328ANEAA,9.56E+14,DL4733,DL4734,M,NA,NA,A,6.27,3,3,3,3,1,0,0,0,0,NA,0,1,1,10,Havened,UpperWarren,19328ANEAA
112,17/03/2022,F12,PerupSanctuary,19297ANEAA,9.56E+14,DL4706,DL4707,M,NA,NA,S,6.41,3,0,1,1,0,0,0,0,0,0,0,2,2,2,Havened,UpperWarren,19297ANEAA
113,17/03/2022,F12,PerupSanctuary,19297ANEAA,9.56E+14,DL4706,DL4707,M,NA,NA,S,6.41,3,0,1,1,0,0,0,0,0,NA,0,2,2,2,Havened,UpperWarren,19297ANEAA
114,17/03/2022,F12,PerupSanctuary,17999ANEAA,9.56E+14,DL4705,DN8483,F,SUCKLING,40,A,6.41,3,0,1,1,0,0,0,0,0,0,1,4,5,2,Havened,UpperWarren,17999ANEAA
115,17/03/2022,F12,PerupSanctuary,17999ANEAA,9.56E+14,DL4705,DN8483,F,SUCKLING,40,A,6.41,3,0,1,1,0,0,0,0,0,NA,1,4,5,2,Havened,UpperWarren,17999ANEAA
116,17/03/2022,F13,PerupSanctuary,19336ANEAA,9.56E+14,DL4294,DL4295,F,SUCKLING,15,A,6.24,5,3,2,2,1,1,0,0,0,NA,0,1,1,9,Havened,UpperWarren,19336ANEAA
117,17/03/2022,F15,PerupSanctuary,17951ANEAA,9.56E+14,DN8377,DN8378,M,NA,NA,A,6.21,6,3,3,3,0,1,1,1,0,NA,4,2,6,10,Havened,UpperWarren,17951ANEAA
118,17/03/2022,F16,PerupSanctuary,19330ANEAA,9.56E+14,DL4824,DL4825,M,NA,NA,A,6.27,6,0,3,3,1,1,0,1,0,NA,0,1,1,8,Havened,UpperWarren,19330ANEAA
119,17/03/2022,F17,PerupSanctuary,19340ANEAA,9.56E+14,DL4905,DL4906,F,PAR_NOAC,NA,A,6.22,4,0,2,2,0,0,1,0,0,NA,0,1,1,4,Havened,UpperWarren,19340ANEAA
120,17/03/2022,F18,PerupSanctuary,16939ANEAA,9.56E+14,DN8061,DN8062,M,NA,NA,A,6.44,4,1,1,2,1,0,0,0,1,NA,2,3,5,5,Havened,UpperWarren,16939ANEAA
121,17/03/2022,F19,PerupSanctuary,19010ANEAA,9.56E+14,DN8683,DN8684,F,NOT_REC,NA,A,6.17,2,1,1,2,0,0,0,0,0,NA,1,2,3,4,Havened,UpperWarren,19010ANEAA
122,17/03/2022,F20,PerupSanctuary,18999ANEAA,9.56E+14,DL4803,DL4804,M,NA,NA,A,6.3,2,0,NA,1,2,0,0,1,0,NA,2,3,5,NA,Havened,UpperWarren,18999ANEAA
123,17/03/2022,G11,PerupSanctuary,17400ANEAA,9.56E+14,DN8134,DN8135,M,NA,NA,A,6.19,3,3,3,3,3,1,0,0,0,NA,16,3,19,13,Havened,UpperWarren,17400ANEAA
124,17/03/2022,G12,PerupSanctuary,19299ANEAA,9.56E+14,DL4710,DL4711,F,NA,NA,A,7,3,0,2,2,0,0,0,0,0,NA,0,2,2,4,Havened,UpperWarren,19299ANEAA
125,17/03/2022,G13,PerupSanctuary,19335ANEAA,9.56E+14,DL4299,DL4300,M,NA,NA,A,6.13,5,2,2,2,1,2,0,0,0,NA,0,1,1,9,Havened,UpperWarren,19335ANEAA
126,17/03/2022,G14,PerupSanctuary,19314ANEAA,9.56E+14,DL4818,DL4819,F,UNDEVLPD,NA,S,6.39,5,2,2,2,0,0,0,0,0,NA,0,2,2,6,Havened,UpperWarren,19314ANEAA
127,17/03/2022,G15,PerupSanctuary,17961ANEAA,9.56E+14,DL4113,DN8147,F,SUCKLING,40,A,6.15,6,0,3,2,0,0,0,0,0,0,8,2,10,5,Havened,UpperWarren,17961ANEAA
128,17/03/2022,G16,PerupSanctuary,19331ANEAA,9.56E+14,DL4826,DL4827,F,SUCKLING,50,A,6.38,6,3,3,3,2,1,0,0,0,0,0,1,1,12,Havened,UpperWarren,19331ANEAA
129,17/03/2022,G17,PerupSanctuary,19339ANEAA,9.56E+14,DL4996,DL4997,F,UNDEVLPD,NA,S,6.04,4,0,2,2,1,1,0,0,0,NA,0,1,1,6,Havened,UpperWarren,19339ANEAA
130,17/03/2022,G18,PerupSanctuary,19317ANEAA,9.56E+14,DL4992,DL4993,M,NA,NA,A,6.51,4,2,2,2,1,0,0,0,1,NA,0,2,2,7,Havened,UpperWarren,19317ANEAA
131,17/03/2022,G19,PerupSanctuary,17398ANEAA,9.56E+14,DN8358,DN8359,M,NA,NA,A,6.03,2,1,1,2,1,1,0,1,0,NA,16,1,17,6,Havened,UpperWarren,17398ANEAA
132,17/03/2022,G20,PerupSanctuary,19325ANEAA,9.56E+14,DL4176,DL4177,F,VIRGINAL,NA,A,6.42,2,0,1,2,0,0,0,1,1,0,0,1,1,3,Havened,UpperWarren,19325ANEAA
133,17/03/2022,H11,PerupSanctuary,16862ANEAA,9.56E+14,DN8162,DL4719,F,LACTATNG,NA,A,6.1,3,1,2,2,0,0,0,0,0,0,4,3,7,5,Havened,UpperWarren,16862ANEAA
134,17/03/2022,H12,PerupSanctuary,19309ANEAA,9.56E+14,DL4714,DL4715,M,NA,NA,A,7.19,3,3,3,2,2,0,0,0,0,NA,0,2,2,10,Havened,UpperWarren,19309ANEAA
135,17/03/2022,H15,PerupSanctuary,19303ANEAA,9.56E+14,DL4813,DL4814,M,NA,NA,S,7.59,6,0,0,2,0,0,0,0,0,NA,0,2,2,2,Havened,UpperWarren,19303ANEAA
136,17/03/2022,H17,PerupSanctuary,19318ANEAA,9.56E+14,DL4994,DL4995,F,UNDEVLPD,NA,S,8.17,6,0,0,2,0,0,0,0,0,NA,0,2,2,2,Havened,UpperWarren,19318ANEAA
137,17/03/2022,H18,PerupSanctuary,17406ANEAA,9.56E+14,DN8824,DN7973,F,SUCKLING,25,A,7,4,2,2,1,0,0,0,0,0,0,5,2,7,5,Havened,UpperWarren,17406ANEAA
138,17/03/2022,H20,PerupSanctuary,19322ANEAA,9.56E+14,DL4151,DL4152,M,NA,NA,A,6.53,2,3,2,2,2,0,1,1,0,0,0,2,2,9,Havened,UpperWarren,19322ANEAA
139,17/03/2022,I11,PerupSanctuary,17397ANEAA,9.56E+14,DN8356,DN8357,F,ACTV_PCH,NA,A,8.14,11,2,1,2,0,1,0,0,0,0,8,2,10,6,Havened,UpperWarren,17397ANEAA
140,17/03/2022,I12,PerupSanctuary,19300ANEAA,9.56E+14,DL 4712,DL4713,M,NA,NA,A,7.17,3,3,2,2,0,0,0,0,0,NA,0,3,3,7,Havened,UpperWarren,19300ANEAA
141,17/03/2022,I13,PerupSanctuary,19020ANEAA,9.56E+14,DL4024,DL4025,F,LACTATNG,NA,A,7.58,11,2,1,2,1,1,0,0,0,0,1,3,4,7,Havened,UpperWarren,19020ANEAA
142,17/03/2022,I17,PerupSanctuary,18248ANEAA,9.56E+14,DN8192,DN8193,F,SUC_LACA,20,A,8.21,6,0,0,1,0,0,0,0,0,0,10,3,13,1,Havened,UpperWarren,18248ANEAA
143,17/03/2022,I18,PerupSanctuary,19341ANEAA,9.56E+14,DL4907,DL4908,F,ACTV_PCH,NA,A,7.07,4,1,1,1,0,0,1,0,1,NA,0,1,1,3,Havened,UpperWarren,19341ANEAA
144,17/03/2022,I19,PerupSanctuary,17023ANEAA,9.56E+14,DN8222,DN8223,F,SUCKLING,45,A,8.4,2,1,2,0,1,0,0,0,0,0,22,2,24,4,Havened,UpperWarren,17023ANEAA
145,17/03/2022,J11,PerupSanctuary,17950ANEAA,9.56E+14,DN8375,DN8376,F,SUCKLING,20,A,8.2,11,1,2,1,0,1,0,0,0,0,12,2,14,5,Havened,UpperWarren,17950ANEAA
146,17/03/2022,J13,PerupSanctuary,19338ANEAA,9.56E+14,DL4298,DL4226,F,PAR_NOAC,NA,A,7.48,11,2,3,2,0,1,1,0,0,0,0,1,1,8,Havened,UpperWarren,19338ANEAA
147,17/03/2022,J15,PerupSanctuary,15631ANEAA,9.56E+14,DN7285,DN7286,M,NA,NA,A,7.52,6,2,1,2,0,0,0,0,0,NA,17,3,20,5,Havened,UpperWarren,15631ANEAA
148,17/03/2022,J16,PerupSanctuary,18610ANEAA,9.56E+14,DL4405,DL4406,M,NA,NA,A,6.54,6,3,2,2,0,0,0,0,0,NA,8,2,10,7,Havened,UpperWarren,18610ANEAA
149,17/03/2022,J17,PerupSanctuary,18608ANEAA,9.56E+14,DL4401,DL4402,M,NA,NA,A,8.29,6,1,1,2,0,0,0,0,0,NA,7,3,10,4,Havened,UpperWarren,18608ANEAA
150,17/03/2022,J18,PerupSanctuary,16967ANEAA,9.56E+14,DN8826,DN8331,M,NA,NA,A,7.22,4,1,1,1,1,0,0,0,0,NA,25,3,28,4,Havened,UpperWarren,16967ANEAA
151,17/03/2022,J19,PerupSanctuary,19327ANEAA,9.56E+14,DL4157,DL4158,F,SUCKLING,15,A,8.29,2,1,1,1,1,0,0,0,0,0,0,1,1,4,Havened,UpperWarren,19327ANEAA
152,17/03/2022,K15,PerupSanctuary,19301ANEAA,9.56E+14,DL4282,DL4283,F,PAR_NOAC,NA,A,7.45,6,1,1,2,0,0,0,0,0,NA,0,3,3,4,Havened,UpperWarren,19301ANEAA
153,17/03/2022,K17,PerupSanctuary,18609ANEAA,9.56E+14,DL4403,DL4404,F,SUCKLING,60,A,8.34,4,0,0,1,0,0,0,0,0,0,7,3,10,1,Havened,UpperWarren,18609ANEAA
154,17/03/2022,K19,PerupSanctuary,17039ANEAA,9.56E+14,DN8299,DN8300,M,NA,NA,A,8.22,2,2,1,2,2,0,0,0,0,NA,14,3,17,7,Havened,UpperWarren,17039ANEAA
155,17/03/2022,K20,PerupSanctuary,19323ANEAA,9.56E+14,DL4153,DL4154,F,NOT_REC,NA,A,7.22,12,0,1,1,0,0,0,0,0,NA,0,2,2,2,Havened,UpperWarren,19323ANEAA
156,17/03/2022,L13,PerupSanctuary,19311ANEAA,9.56E+14,DL4718,DL4728,F,SUCKLING,25,A,7.38,11,2,2,2,1,1,1,0,0,0,0,2,2,8,Havened,UpperWarren,19311ANEAA
157,17/03/2022,L14,PerupSanctuary,19337ANEAA,9.56E+14,DL4296,DL4297,M,NA,NA,A,6.56,5,3,2,3,1,2,1,0,0,NA,0,1,1,11,Havened,UpperWarren,19337ANEAA
158,17/03/2022,L15,PerupSanctuary,14962ANEAA,9.56E+14,DN8464,DL4815,M,NA,NA,A,7.39,6,0,1,2,0,0,0,0,0,NA,15,3,18,3,Havened,UpperWarren,14962ANEAA
159,17/03/2022,L17,PerupSanctuary,18283ANEAA,9.56E+14,DN8724,DN8725,F,SUCKLING,30,A,8.28,4,0,0,1,0,1,0,0,0,0,11,3,14,2,Havened,UpperWarren,18283ANEAA
160,17/03/2022,L18,PerupSanctuary,17367ANEAA,9.56E+14,DN8878,DN8879,M,NA,NA,A,7.46,4,1,1,3,0,0,0,0,0,NA,15,3,18,5,Havened,UpperWarren,17367ANEAA
161,17/03/2022,L19,PerupSanctuary,16897ANEAA,9.56E+14,DN8551,DN8552,F,SUCKLING,65,A,8.15,2,1,1,1,0,0,0,0,0,0,13,2,15,3,Havened,UpperWarren,16897ANEAA
162,17/03/2022,L20,PerupSanctuary,19017ANEAA,9.56E+14,DL4018,DL4019,M,NA,NA,A,7.33,12,1,1,1,0,0,0,0,0,NA,1,1,2,3,Havened,UpperWarren,19017ANEAA
163,17/03/2022,M13,PerupSanctuary,19310ANEAA,9.56E+14,DL4716,DL4717,M,NA,NA,A,7.33,11,2,2,2,0,1,0,0,0,0,0,2,2,7,Havened,UpperWarren,19310ANEAA
164,17/03/2022,M15,PerupSanctuary,17381ANEAA,9.56E+14,DN8884,DN8885,F,SUCKLING,NA,A,7.34,6,0,0,2,0,0,0,0,0,0,18,2,20,2,Havened,UpperWarren,17381ANEAA
165,17/03/2022,M17,PerupSanctuary,17388ANEAA,9.56E+14,DN7961,DN7962,M,NA,NA,A,8.22,4,1,1,1,1,0,0,0,1,NA,20,3,23,4,Havened,UpperWarren,17388ANEAA
166,17/03/2022,M18,PerupSanctuary,18612ANEAA,9.56E+14,DN7966,DN7967,M,NA,NA,A,7.34,4,0,0,2,1,1,0,0,0,NA,7,3,10,4,Havened,UpperWarren,18612ANEAA
167,17/03/2022,M19,PerupSanctuary,18622ANEAA,9.56E+14,DL4412,DL4413,F,SUCKLING,40,A,8.09,2,2,0,1,1,0,0,0,0,0,5,3,8,4,Havened,UpperWarren,18622ANEAA
168,17/03/2022,M20,PerupSanctuary,19324ANEAA,9.56E+14,DL4155,DL4156,M,NA,NA,A,7.43,2,0,1,1,0,0,0,0,0,NA,0,2,2,2,Havened,UpperWarren,19324ANEAA
169,17/03/2022,N13,PerupSanctuary,19025ANEAA,9.56E+14,DL4934,DL4935,F,PAR_NOAC,NA,A,7.22,5,2,2,2,1,1,0,1,0,0,1,2,3,8,Havened,UpperWarren,19025ANEAA
170,17/03/2022,N14,PerupSanctuary,18596ANEAA,9.56E+14,DL4260,DL4261,F,SUCKLING,35,A,7.06,5,2,2,2,1,2,0,0,0,0,5,3,8,9,Havened,UpperWarren,18596ANEAA
171,17/03/2022,N15,PerupSanctuary,18629ANEAA,9.56E+14,DN7928,DN7929,M,NA,NA,A,7.26,6,2,2,2,0,1,0,1,0,NA,3,3,6,7,Havened,UpperWarren,18629ANEAA
172,17/03/2022,N17,PerupSanctuary,15584ANEAA,9.56E+14,DN8499,DN7735,M,NA,NA,A,8.17,4,1,1,1,0,0,0,0,0,NA,20,3,23,3,Havened,UpperWarren,15584ANEAA
173,17/03/2022,N20,PerupSanctuary,19014ANEAA,9.56E+14,DL4811,DL4812,F,SUCKLING,20,A,7.48,2,3,1,1,2,0,0,0,0,0,1,2,3,7,Havened,UpperWarren,19014ANEAA
174,17/03/2022,O11,PerupSanctuary,15135ANEAA,9.56E+14,DN7035,DL4976,M,NA,NA,A,8.09,3,1,2,2,0,0,0,0,0,NA,34,3,37,5,Havened,UpperWarren,15135ANEAA
175,17/03/2022,O12,PerupSanctuary,19312ANEAA,9.56E+14,DL4729,DL4730,M,NA,NA,A,7.51,3,1,2,1,0,0,0,0,0,NA,0,2,2,4,Havened,UpperWarren,19312ANEAA
176,17/03/2022,O13,PerupSanctuary,15150ANEAA,9.56E+14,DN3641,DN3642,M,NA,NA,A,7.16,5,2,1,2,0,1,0,0,0,NA,36,3,39,6,Havened,UpperWarren,15150ANEAA
177,17/03/2022,O15,PerupSanctuary,17013ANEAA,9.56E+14,DN8207,DN7963,M,NA,NA,A,7.17,6,1,2,2,0,0,0,0,0,NA,21,3,24,5,Havened,UpperWarren,17013ANEAA
178,17/03/2022,O16,PerupSanctuary,19332ANEAA,9.56E+14,DL4828,DL4829,M,NA,NA,S,7.09,6,2,3,3,0,0,0,0,0,NA,0,1,1,8,Havened,UpperWarren,19332ANEAA
179,17/03/2022,O18,PerupSanctuary,18994ANEAA,9.56E+14,DL4801,DL4802,F,NA,NA,A,8.01,4,2,2,2,0,0,0,0,0,NA,3,2,5,6,Havened,UpperWarren,18994ANEAA
180,18/03/2022,F11,PerupSanctuary,19297ANEAA,9.56E+14,DL4706,DL4707,M,NA,NA,S,6.24,3,0,1,1,0,0,0,0,0,NA,0,3,3,2,Havened,UpperWarren,19297ANEAA
181,18/03/2022,F12,PerupSanctuary,19299ANEAA,9.56E+14,DL4710,DL4711,F,ACTV_PCH,NA,A,6.33,3,1,1,0,0,0,0,0,0,NA,0,3,3,2,Havened,UpperWarren,19299ANEAA
182,18/03/2022,F13,PerupSanctuary,17951ANEAA,9.56E+14,DN8377,DN8378,M,NA,NA,A,6.2,5,2,2,2,1,1,1,0,0,NA,4,3,7,8,Havened,UpperWarren,17951ANEAA
183,18/03/2022,F15,PerupSanctuary,19344ANEAA,9.56E+14,DL4830,DL4831,F,SUC_LACA,10,A,6.1,6,2,3,2,0,0,0,0,1,0,0,1,1,7,Havened,UpperWarren,19344ANEAA
184,18/03/2022,F16,PerupSanctuary,19345ANEAA,9.56E+14,DL4832,DL4833,M,NA,NA,S,6.21,6,0,3,3,0,0,0,0,0,NA,0,1,1,6,Havened,UpperWarren,19345ANEAA
185,18/03/2022,F17,PerupSanctuary,19305ANEAA,9.56E+14,DL4990,DL4991,F,SUCKLING,20,A,6.15,4,0,1,1,0,0,0,0,0,NA,0,3,3,2,Havened,UpperWarren,19305ANEAA
186,18/03/2022,F18,PerupSanctuary,19320ANEAA,9.56E+14,DL4174,DL4175,M,NA,NA,A,6.22,4,0,1,2,0,1,0,0,0,NA,0,2,2,4,Havened,UpperWarren,19320ANEAA
187,18/03/2022,F20,PerupSanctuary,18999ANEAA,9.56E+14,DL4803,DL4804,M,NA,NA,A,6.17,11,1,1,2,1,0,0,1,0,NA,2,4,6,5,Havened,UpperWarren,18999ANEAA
188,18/03/2022,G11,PerupSanctuary,19298ANEAA,9.56E+14,DL4708,DL4709,F,SUCKLING,30,A,6.17,3,3,3,3,0,0,0,0,0,0,0,2,2,9,Havened,UpperWarren,19298ANEAA
189,18/03/2022,G12,PerupSanctuary,17999ANEAA,9.56E+14,DL4705,DN8483,F,SUCKLING,NA,A,6.41,3,3,3,3,0,0,0,0,0,0,1,5,6,9,Havened,UpperWarren,17999ANEAA
190,18/03/2022,G13,PerupSanctuary,19333ANEAA,9.56E+14,DL4227,DL4228,F,UNDEVLPD,NA,S,6.11,5,1,2,2,1,0,0,0,0,NA,0,1,1,6,Havened,UpperWarren,19333ANEAA
191,18/03/2022,G14,PerupSanctuary,17961ANEAA,9.56E+14,DL4113,DN8147,F,SUCKLING,40,A,6.32,5,2,2,2,0,0,0,0,0,0,8,3,11,6,Havened,UpperWarren,17961ANEAA
192,18/03/2022,G16,PerupSanctuary,19309ANEAA,9.56E+14,DL4714,DL4715,M,NA,NA,A,6.31,6,1,0,2,1,1,1,0,0,NA,0,3,3,5,Havened,UpperWarren,19309ANEAA
193,18/03/2022,G17,PerupSanctuary,19335ANEAA,9.56E+14,DL4299,DL4300,M,NA,NA,A,6.07,4,0,0,1,0,0,0,0,0,NA,0,2,2,1,Havened,UpperWarren,19335ANEAA
194,18/03/2022,G18,PerupSanctuary,19348ANEAA,9.56E+14,DL4909,DL4910,F,UNDEVLPD,NA,S,6.3,19,0,1,1,0,0,0,0,0,0,0,1,1,2,Havened,UpperWarren,19348ANEAA
195,18/03/2022,G20,PerupSanctuary,19316ANEAA,9.56E+14,DL4822,DL4823,M,NA,NA,S,6.26,11,0,0,1,0,0,0,0,0,NA,0,2,2,1,Havened,UpperWarren,19316ANEAA
196,18/03/2022,H11,PerupSanctuary,17950ANEAA,9.56E+14,DN8375,DN8376,F,SUCKLING,20,A,6.1,3,0,0,0,0,0,0,0,0,0,12,3,15,0,Havened,UpperWarren,17950ANEAA
197,18/03/2022,H13,PerupSanctuary,19307ANEAA,9.56E+14,DL4288,DL4289,F,SUCKLING,50,A,8.07,6,3,2,2,0,0,0,0,1,0,0,2,2,7,Havened,UpperWarren,19307ANEAA
198,18/03/2022,H14,PerupSanctuary,19314ANEAA,9.56E+14,DL4818,DL4819,F,UNDEVLPD,NA,A,6.38,5,2,3,2,0,1,0,0,0,NA,0,3,3,8,Havened,UpperWarren,19314ANEAA
199,18/03/2022,H15,PerupSanctuary,19331ANEAA,9.56E+14,DL4826,DL4827,F,SUCKLING,NA,A,7.57,6,1,2,2,0,0,0,0,0,0,0,2,2,5,Havened,UpperWarren,19331ANEAA
200,18/03/2022,H20,PerupSanctuary,17398ANEAA,9.56E+14,DN8358,DN8359,M,NA,NA,A,6.3,11,0,1,2,0,0,0,0,0,NA,16,2,18,3,Havened,UpperWarren,17398ANEAA
201,18/03/2022,I11,PerupSanctuary,19313ANEAA,9.56E+14,DL4731,DL4732,M,NA,NA,A,8.2,18,3,1,1,0,0,0,0,0,NA,0,2,2,5,Havened,UpperWarren,19313ANEAA
202,18/03/2022,I14,PerupSanctuary,19302ANEAA,9.56E+14,DL4284,DL4285,F,UNDEVLPD,NA,S,6.45,5,2,2,1,1,0,1,0,0,NA,0,3,3,6,Havened,UpperWarren,19302ANEAA
203,18/03/2022,I15,PerupSanctuary,18248ANEAA,9.56E+14,DN8192,DN8193,F,SUC_LACA,NA,A,7.52,6,0,2,2,0,0,0,0,0,0,10,4,14,4,Havened,UpperWarren,18248ANEAA
204,18/03/2022,I16,PerupSanctuary,19303ANEAA,9.56E+14,DL4813,DL4814,M,NA,NA,S,6.39,6,0,0,2,0,0,0,0,0,NA,0,3,3,2,Havened,UpperWarren,19303ANEAA
205,18/03/2022,I18,PerupSanctuary,17406ANEAA,9.56E+14,DN8824,DN7973,F,SUCKLING,20,A,6.46,19,0,1,1,0,0,0,0,0,0,5,3,8,2,Havened,UpperWarren,17406ANEAA
206,18/03/2022,I19,PerupSanctuary,18628ANEAA,9.56E+14,DN7974,DL4015,F,SUCKLING,NA,A,8.03,12,1,0,1,0,0,0,0,0,0,3,3,6,2,Havened,UpperWarren,18628ANEAA
207,18/03/2022,I20,PerupSanctuary,17023ANEAA,9.56E+14,DN8222,DN8223,F,SUCKLING,20,A,6.38,11,0,0,1,0,0,0,0,0,NA,22,3,25,1,Havened,UpperWarren,17023ANEAA
208,18/03/2022,J11,PerupSanctuary,17397ANEAA,9.56E+14,DN8356,DN8357,F,NA,NA,A,8.24,3,2,1,1,0,0,0,0,0,NA,8,3,11,4,Havened,UpperWarren,17397ANEAA
209,18/03/2022,J14,PerupSanctuary,19338ANEAA,9.56E+14,DL4298,DL4226,F,ACTV_PCH,NA,A,6.51,5,2,1,2,0,1,1,0,0,NA,0,2,2,6,Havened,UpperWarren,19338ANEAA
210,18/03/2022,J15,PerupSanctuary,19300ANEAA,9.56E+14,DL 4712,DL4713,M,NA,NA,A,7.48,6,2,3,2,0,0,0,0,0,NA,0,4,4,7,Havened,UpperWarren,19300ANEAA
211,18/03/2022,J16,PerupSanctuary,19301ANEAA,9.56E+14,DL4282,DL4283,F,PAR_NOAC,NA,A,6.44,6,1,2,2,0,0,0,0,0,NA,0,4,4,5,Havened,UpperWarren,19301ANEAA
212,18/03/2022,J17,PerupSanctuary,19296ANEAA,9.56E+14,DL4199,DL4200,F,SUCKLING,20,A,8.24,4,0,2,1,0,1,0,0,0,0,0,2,2,4,Havened,UpperWarren,19296ANEAA
213,18/03/2022,J18,PerupSanctuary,15631ANEAA,9.56E+14,DN7285,DN7286,M,NA,NA,A,6.56,19,0,1,1,0,0,0,0,0,NA,17,4,21,2,Havened,UpperWarren,15631ANEAA
214,18/03/2022,J19,PerupSanctuary,19341ANEAA,9.56E+14,DL4907,DL4908,F,ACTV_PCH,NA,A,7.57,12,1,0,1,0,0,0,0,0,NA,0,2,2,2,Havened,UpperWarren,19341ANEAA
215,18/03/2022,J20,PerupSanctuary,19304ANEAA,9.56E+14,DL4816,DL4817,F,NA,NA,S,6.46,11,0,0,0,0,0,0,0,0,NA,0,3,3,0,Havened,UpperWarren,19304ANEAA
216,18/03/2022,K12,PerupSanctuary,19350ANEAA,9.56E+14,DL4737,DL4738,M,NA,NA,A,6.58,3,3,3,2,1,0,0,0,0,NA,0,1,1,9,Havened,UpperWarren,19350ANEAA
217,18/03/2022,K13,PerupSanctuary,19310ANEAA,9.56E+14,DL4716,DL4717,M,NA,NA,A,7.53,5,2,2,2,0,0,0,0,0,NA,0,3,3,6,Havened,UpperWarren,19310ANEAA
218,18/03/2022,K14,PerupSanctuary,19337ANEAA,9.56E+14,DL4296,DL4297,M,NA,NA,A,6.58,5,2,1,2,1,1,0,0,0,NA,0,2,2,7,Havened,UpperWarren,19337ANEAA
219,18/03/2022,K15,PerupSanctuary,18610ANEAA,9.56E+14,DL4405,DL4406,M,NA,NA,A,7.43,6,3,3,2,0,0,0,0,0,NA,8,3,11,8,Havened,UpperWarren,18610ANEAA
220,18/03/2022,K17,PerupSanctuary,16967ANEAA,9.56E+14,DN8826,DN8331,M,NA,NA,A,8.17,4,2,2,1,0,0,0,0,0,NA,25,4,29,5,Havened,UpperWarren,16967ANEAA
221,18/03/2022,K19,PerupSanctuary,18608ANEAA,9.56E+14,DL4401,DL4402,M,NA,NA,A,7.51,12,1,0,1,1,0,0,0,0,NA,7,4,11,3,Havened,UpperWarren,18608ANEAA
222,18/03/2022,K20,PerupSanctuary,19327ANEAA,9.56E+14,DL4157,DL4158,F,SUCKLING,15,A,6.51,11,1,1,1,0,0,0,0,0,NA,0,2,2,3,Havened,UpperWarren,19327ANEAA
223,18/03/2022,L12,PerupSanctuary,19311ANEAA,9.56E+14,DL4718,DL4728,F,SUCKLING,25,A,7.12,3,3,2,2,0,0,0,0,0,0,0,3,3,7,Havened,UpperWarren,19311ANEAA
224,18/03/2022,L13,PerupSanctuary,19025ANEAA,9.56E+14,DL4934,DL4935,F,PAR_NOAC,NA,A,7.46,5,3,2,2,0,1,0,0,1,NA,1,3,4,8,Havened,UpperWarren,19025ANEAA
225,18/03/2022,L17,PerupSanctuary,18637ANEAA,9.56E+14,DL4307,DL4308,F,SUCKLING,45,A,8.08,4,0,0,1,1,0,0,0,0,0,5,2,7,2,Havened,UpperWarren,18637ANEAA
226,18/03/2022,L18,PerupSanctuary,18995ANEAA,9.56E+14,DL4009,DL4010,F,SUCKLING,40,A,7.05,19,0,1,1,0,1,0,0,0,0,3,2,5,3,Havened,UpperWarren,18995ANEAA
227,18/03/2022,L19,PerupSanctuary,17039ANEAA,9.56E+14,DN8299,DN8300,M,NA,NA,A,7.46,11,1,0,1,1,3,1,0,0,NA,14,4,18,6,Havened,UpperWarren,17039ANEAA
228,18/03/2022,M12,PerupSanctuary,19351ANEAA,9.56E+14,DL4751,DL4752,M,NA,NA,S,7.2,3,2,2,1,0,0,0,0,0,NA,0,1,1,5,Havened,UpperWarren,19351ANEAA
229,18/03/2022,M13,PerupSanctuary,15150ANEAA,9.56E+14,DN3641,DN3642,M,NA,NA,A,7.39,5,2,2,2,1,1,0,0,0,NA,36,4,40,8,Havened,UpperWarren,15150ANEAA
230,18/03/2022,M15,PerupSanctuary,13785ANEAA,9.56E+14,DN5427,DN5426,M,NA,NA,A,7.35,6,1,3,2,1,0,0,0,0,NA,37,4,41,7,Havened,UpperWarren,13785ANEAA
231,18/03/2022,M16,PerupSanctuary,17388ANEAA,9.56E+14,DN7961,DN7962,M,NA,NA,A,7.03,6,3,3,2,0,0,0,0,0,NA,20,4,24,8,Havened,UpperWarren,17388ANEAA
232,18/03/2022,M18,PerupSanctuary,18289ANEAA,9.56E+14,DL4032,DL4033,F,ACTV_PCH,NA,A,7.15,19,0,1,1,0,0,0,0,0,NA,5,2,7,2,Havened,UpperWarren,18289ANEAA
233,18/03/2022,M19,PerupSanctuary,18611ANEAA,9.56E+14,DN7964,DN7965,F,SUCKLING,NA,A,7.34,11,2,1,1,0,0,0,0,0,0,7,3,10,4,Havened,UpperWarren,18611ANEAA
234,18/03/2022,M20,PerupSanctuary,16897ANEAA,9.56E+14,DN8551,DN8552,F,SUCKLING,NA,A,7.05,11,3,1,1,0,0,0,0,1,0,13,3,16,5,Havened,UpperWarren,16897ANEAA
235,18/03/2022,N12,PerupSanctuary,18596ANEAA,9.56E+14,DL4260,DL4261,F,NOT_REC,NA,A,7.52,3,3,3,2,0,0,0,0,0,0,5,4,9,8,Havened,UpperWarren,18596ANEAA
236,18/03/2022,N13,PerupSanctuary,19342ANEAA,9.56E+14,DL4231,DL4232,F,NA,NA,A,7.3,5,2,1,2,0,1,0,0,0,NA,0,1,1,6,Havened,UpperWarren,19342ANEAA
237,18/03/2022,N14,PerupSanctuary,17381ANEAA,9.56E+14,DN8884,DN8885,F,SUCKLING,NA,A,7.1,5,1,1,2,0,0,0,0,0,0,18,3,21,4,Havened,UpperWarren,17381ANEAA
238,18/03/2022,N17,PerupSanctuary,19349ANEAA,9.56E+14,DL4911,DL4912,M,NA,NA,S,7.56,4,0,2,1,1,1,0,0,0,NA,0,1,1,5,Havened,UpperWarren,19349ANEAA
239,18/03/2022,N18,PerupSanctuary,19319ANEAA,9.56E+14,DL4999,DL4500,F,SUCKLING,20,A,7.24,19,2,1,1,1,0,0,0,0,0,0,2,2,5,Havened,UpperWarren,19319ANEAA
240,18/03/2022,N19,PerupSanctuary,18994ANEAA,9.56E+14,DL4801,DL4802,F,ACTV_PCH,NA,A,7.28,11,2,1,1,0,0,0,0,0,NA,3,3,6,4,Havened,UpperWarren,18994ANEAA
241,18/03/2022,N20,PerupSanctuary,18622ANEAA,9.56E+14,DL4412,DL4413,F,SUCKLING,NA,A,7.11,11,2,0,1,0,1,0,1,0,0,5,4,9,4,Havened,UpperWarren,18622ANEAA
242,18/03/2022,O11,PerupSanctuary,15135ANEAA,9.56E+14,DN7035,DL4976,M,NA,NA,A,8.03,3,3,2,2,0,0,0,0,0,NA,34,4,38,7,Havened,UpperWarren,15135ANEAA
243,18/03/2022,O13,PerupSanctuary,16918ANEAA,9.56E+14,DN8542,DN8543,F,SUCKLING,40,A,7.24,5,2,2,2,2,1,0,0,0,0,6,2,8,9,Havened,UpperWarren,16918ANEAA
244,18/03/2022,O14,PerupSanctuary,19308ANEAA,9.56E+14,DL4291,DL4292,M,NA,NA,A,7.16,5,3,2,2,1,1,0,0,0,NA,0,2,2,9,Havened,UpperWarren,19308ANEAA
245,18/03/2022,O15,PerupSanctuary,19346ANEAA,9.56E+14,DL4834,DL4835,M,NA,NA,A,7.16,6,0,2,2,0,0,0,0,0,NA,0,1,1,4,Havened,UpperWarren,19346ANEAA
246,18/03/2022,O16,PerupSanctuary,17013ANEAA,9.56E+14,DN8207,DN7963,M,NA,NA,A,7.12,6,2,2,2,0,0,0,0,0,NA,21,4,25,6,Havened,UpperWarren,17013ANEAA
247,18/03/2022,O17,PerupSanctuary,18612ANEAA,9.56E+14,DN7966,DN7967,M,NA,NA,A,7.44,19,1,1,1,1,2,1,1,0,NA,7,4,11,6,Havened,UpperWarren,18612ANEAA
248,18/03/2022,O18,PerupSanctuary,15584ANEAA,9.56E+14,DN8499,DN7735,M,NA,NA,A,7.34,19,0,2,2,0,0,0,0,0,NA,20,4,24,4,Havened,UpperWarren,15584ANEAA
249,18/03/2022,O19,PerupSanctuary,19014ANEAA,9.56E+14,DL4811,DL4812,F,SUCKLING,NA,A,7.22,11,3,1,2,0,0,0,0,0,0,1,3,4,6,Havened,UpperWarren,19014ANEAA
250,29/03/2022,BOY12,Boyicup,19420ANEAA,9.56E+14,DL6330,DL6331,F,SUCKLING,30,A,8.35,12,3,3,2,2,3,0,1,1,0,0,1,1,13,Non-havened,UpperWarren,19420ANEAA
251,29/03/2022,BOY13,Boyicup,18921ANEAA,9.56E+14,DL6061,DL6062,M,NA,NA,A,8.51,7,3,3,3,0,1,1,1,0,NA,1,1,2,10,Non-havened,UpperWarren,18921ANEAA
252,29/03/2022,BOY14,Boyicup,18457ANEAA,9.56E+14,DL1914,DL2337,M,NA,NA,A,9.02,3,2,3,3,1,1,1,0,0,NA,2,1,3,10,Non-havened,UpperWarren,18457ANEAA
253,29/03/2022,BOY16,Boyicup,19417ANEAA,9.56E+14,DL6509,DL6510,M,NA,NA,A,8.51,3,3,3,3,2,1,0,0,0,NA,0,1,1,12,Non-havened,UpperWarren,19417ANEAA
254,29/03/2022,BOY17,Boyicup,18904ANEAA,9.56E+14,DL6019,DL6020,F,SUCKLING,50,A,8.36,3,2,2,2,3,1,0,0,0,0,1,1,2,10,Non-havened,UpperWarren,18904ANEAA
255,29/03/2022,BOY19,Boyicup,19416ANEAA,9.56E+14,DL6507,DL6508,M,NA,NA,A,8.23,3,3,3,3,1,1,0,0,1,NA,0,1,1,11,Non-havened,UpperWarren,19416ANEAA
256,29/03/2022,BOY20,Boyicup,19415ANEAA,9.56E+14,DL6505,DL6506,F,SUCKLING,35,A,8.17,3,3,3,3,1,1,0,0,0,0,0,1,1,11,Non-havened,UpperWarren,19415ANEAA
257,29/03/2022,BOY23,Boyicup,16788ANEAA,9.56E+14,DL2073,DL2075,F,SUCKLING,110,A,8.08,4,1,2,1,1,2,1,0,0,0,11,1,12,7,Non-havened,UpperWarren,16788ANEAA
258,29/03/2022,BOY24,Boyicup,17432ANEAA,9.56E+14,DL2496,DL2497,F,SUCKLING,30,A,7.57,3,3,3,3,1,1,1,0,0,0,8,1,9,11,Non-havened,UpperWarren,17432ANEAA
259,29/03/2022,BOY25,Boyicup,16758ANEAA,9.56E+14,DL2030,DL2029,F,SUCKLING,45,A,7.47,3,3,3,3,2,1,0,0,0,0,5,1,6,12,Non-havened,UpperWarren,16758ANEAA
260,29/03/2022,BOY29,Boyicup,17654ANEAA,9.56E+14,DL2396,DL2397,F,SUC_LACA,35,A,7.39,4,0,3,1,1,1,1,0,0,0,5,1,6,6,Non-havened,UpperWarren,17654ANEAA
261,29/03/2022,BOY30,Boyicup,19421ANEAA,9.56E+14,DL6637,DL6638,M,NA,NA,A,7.23,4,2,3,2,1,1,1,0,1,NA,0,1,1,9,Non-havened,UpperWarren,19421ANEAA
262,29/03/2022,BOY36,Boyicup,18447ANEAA,9.56E+14,DL4146,DL4147,M,NA,NA,A,6.49,4,2,3,2,1,1,0,0,1,NA,3,1,4,9,Non-havened,UpperWarren,18447ANEAA
263,29/03/2022,BOY44,Boyicup,19413ANEAA,9.56E+14,DL6501,DL6502,F,SUCKLING,15,A,6.42,3,0,0,1,0,0,0,0,0,0,0,1,1,1,Non-havened,UpperWarren,19413ANEAA
264,29/03/2022,BOY48,Boyicup,18872ANEAA,9.56E+14,DN1657,DN1658,F,SUCKLING,60,A,7.04,3,3,2,2,1,1,0,0,0,0,1,1,2,9,Non-havened,UpperWarren,18872ANEAA
265,29/03/2022,BOY49,Boyicup,19414ANEAA,9.56E+14,DL6503,DL6504,M,NA,NA,A,7.17,3,2,3,3,1,3,1,1,0,NA,0,1,1,12,Non-havened,UpperWarren,19414ANEAA
266,30/03/2022,BOY15,Boyicup,17431ANEAA,9.56E+14,DL2299,DL2300,F,SUCKLING,60,A,8.4,7,2,2,1,1,2,0,0,1,1,8,1,9,8,Non-havened,UpperWarren,17431ANEAA
267,30/03/2022,BOY16,Boyicup,19428ANEAA,9.56E+14,DL6325,DL6334,M,NA,NA,A,8.54,12,0,0,1,0,1,0,0,0,NA,0,1,1,2,Non-havened,UpperWarren,19428ANEAA
268,30/03/2022,BOY17,Boyicup,19429ANEAA,NA,DL6353,DL6354,M,NA,NA,A,9.08,7,1,2,2,2,1,0,1,0,NA,0,1,1,8,Non-havened,UpperWarren,19429ANEAA
269,30/03/2022,BOY19,Boyicup,17676ANEAA,9.56E+14,DL1997,DL2640,F,SUC_INDV,100,A,9.01,4,0,2,2,1,1,0,0,1,1,8,1,9,6,Non-havened,UpperWarren,17676ANEAA
270,30/03/2022,BOY20,Boyicup,17648ANEAA,9.56E+14,DL2649,DL2650,M,NA,NA,A,8.57,3,3,3,3,1,1,0,0,0,0,5,1,6,11,Non-havened,UpperWarren,17648ANEAA
271,30/03/2022,BOY22,Boyicup,16788ANEAA,NA,DL2073,DL2075,F,NA,NA,A,8.44,17,3,3,3,1,1,0,1,0,0,11,2,13,11,Non-havened,UpperWarren,16788ANEAA
272,30/03/2022,BOY23,Boyicup,17432ANEAA,NA,DL2496,DL2497,F,NA,NA,A,8.38,17,1,1,1,1,1,0,0,0,0,8,2,10,5,Non-havened,UpperWarren,17432ANEAA
273,30/03/2022,BOY28,Boyicup,19432ANEAA,9.56E+14,DL6644,DL6645,F,SUC_LACA,25,A,8.32,4,2,3,1,1,0,0,0,0,0,0,1,1,7,Non-havened,UpperWarren,19432ANEAA
274,30/03/2022,BOY29,Boyicup,17654ANEAA,NA,DL2396,DL2397,F,SUC_LACA,35,A,8.19,4,0,3,2,1,0,0,1,0,0,5,2,7,6,Non-havened,UpperWarren,17654ANEAA
275,30/03/2022,BOY32,Boyicup,18909ANEAA,9.56E+14,DN1694,NA,F,SUC_LACA,20,A,8.01,4,0,2,1,1,0,0,0,0,0,1,1,2,4,Non-havened,UpperWarren,18909ANEAA
276,30/03/2022,BOY33,Boyicup,19431ANEAA,9.56E+14,DL6642,DL6643,M,NA,NA,S,7.46,4,0,0,1,1,3,0,0,0,NA,0,1,1,5,Non-havened,UpperWarren,19431ANEAA
277,30/03/2022,BOY35,Boyicup,18930ANEAA,9.56E+14,DN1847,DN1848,F,ACTV_PCH,NA,A,7.14,4,2,2,1,1,2,1,1,0,NA,1,1,2,8,Non-havened,UpperWarren,18930ANEAA
278,30/03/2022,BOY37,Boyicup,18875ANEAA,9.56E+14,DN1663,DN1664,M,NA,NA,A,6.57,4,2,2,1,1,0,0,0,1,NA,1,1,2,6,Non-havened,UpperWarren,18875ANEAA
279,30/03/2022,BOY38,Boyicup,17652ANEAA,9.56E+14,DL2391,DL2392,M,NA,NA,A,6.4,4,3,3,1,3,3,1,1,1,NA,4,1,5,13,Non-havened,UpperWarren,17652ANEAA
280,30/03/2022,BOY39,Boyicup,18908ANEAA,9.56E+14,DN1692,NA,M,NA,NA,A,6.23,4,3,3,3,1,2,1,1,1,NA,2,1,3,12,Non-havened,UpperWarren,18908ANEAA
281,30/03/2022,BOY42,Boyicup,18890ANEAA,9.56E+14,DN1677,DN1678,M,NA,NA,A,6.36,3,3,3,3,3,3,1,1,1,NA,1,1,2,15,Non-havened,UpperWarren,18890ANEAA
282,30/03/2022,BOY45,Boyicup,19422ANEAA,9.56E+13,DL6511,DL6512,F,SUCKLING,45,A,6.59,3,1,1,3,1,1,1,0,1,0,0,1,1,7,Non-havened,UpperWarren,19422ANEAA
283,30/03/2022,BOY46,Boyicup,19423ANEAA,9.56E+14,DL6513,DL6514,M,NA,NA,A,7.14,17,3,3,3,2,2,1,1,1,NA,0,1,1,13,Non-havened,UpperWarren,19423ANEAA
284,30/03/2022,BOY48,Boyicup,19424ANEAA,9.56E+14,DL6515,DL6516,M,NA,NA,A,7.42,17,1,3,2,1,1,0,0,1,NA,0,1,1,8,Non-havened,UpperWarren,19424ANEAA
285,30/03/2022,BOY49,Boyicup,NA,NA,NA,NA,M,NA,NA,I,7.45,3,3,3,3,2,1,0,0,0,1,652,3,655,12,Non-havened,UpperWarren,NA
286,30/03/2022,BOY49,Boyicup,NA,9.56E+14,DN1665,DN1669,F,SUC_INDV,NA,A,7.45,3,3,3,3,2,1,0,0,0,1,652,3,655,12,Non-havened,UpperWarren,9.56E+14
287,30/03/2022,BOY50,Boyicup,19425ANEAA,9.56E+14,DL6517,DL6518,M,NA,NA,A,8,3,3,3,3,2,1,1,1,1,NA,0,1,1,12,Non-havened,UpperWarren,19425ANEAA
288,31/03/2022,BOY12,Boyicup,17660ANEAA,9.56E+14,DL2559,DL2560,M,NA,NA,A,8.35,12,1,2,2,1,3,1,1,0,NA,2,1,3,9,Non-havened,UpperWarren,17660ANEAA
289,31/03/2022,BOY15,Boyicup,18922ANEAA,9.56E+14,DL6063,DL6064,M,NA,NA,A,9.03,7,1,2,1,2,3,0,1,0,NA,1,1,2,9,Non-havened,UpperWarren,18922ANEAA
290,31/03/2022,BOY18,Boyicup,19416ANEAA,NA,DL6507,DL6508,M,NA,NA,A,9.09,3,3,3,3,1,1,0,0,1,NA,0,2,2,11,Non-havened,UpperWarren,19416ANEAA
291,31/03/2022,BOY21,Boyicup,18912ANEAA,9.56E+14,DL6525,DN1832,F,SUCKLING,40,A,8.55,3,1,3,3,2,2,0,0,1,0,1,1,2,11,Non-havened,UpperWarren,18912ANEAA
292,31/03/2022,BOY24,Boyicup,NA,NA,NA,NA,F,NA,NA,I,8.31,3,3,3,3,2,2,0,0,1,1,652,5,657,13,Non-havened,UpperWarren,NA
293,31/03/2022,BOY24,Boyicup,19437ANEAA,9.56E+14,DL6528,DL6529,F,SUC_INDV,40,A,8.31,3,3,3,3,2,2,0,0,1,1,0,1,1,13,Non-havened,UpperWarren,19437ANEAA
294,31/03/2022,BOY26,Boyicup,18911ANEAA,9.56E+14,DN1830,DN1829,M,NA,NA,A,8.11,3,3,3,3,2,2,0,0,0,NA,1,1,2,13,Non-havened,UpperWarren,18911ANEAA
295,31/03/2022,BOY27,Boyicup,18450ANEAA,9.56E+14,DL1750,DN1700,F,SUC_INDV,100,A,7.49,3,2,3,3,2,1,0,1,0,1,2,1,3,11,Non-havened,UpperWarren,18450ANEAA
296,31/03/2022,BOY28,Boyicup,17654ANEAA,9.56E+14,DL2396,DL2397,F,NA,NA,A,7.44,3,3,1,2,1,2,0,0,0,NA,5,3,8,9,Non-havened,UpperWarren,17654ANEAA
297,31/03/2022,BOY29,Boyicup,19443ANEAA,9.56E+14,DL6652,DL6653,M,NA,NA,A,8.29,4,2,0,2,0,0,0,0,0,NA,0,1,1,4,Non-havened,UpperWarren,19443ANEAA
298,31/03/2022,BOY30,Boyicup,19442ANEAA,9.56E+14,DL6650,DL6651,M,NA,NA,A,8.1,4,0,3,2,1,1,0,1,1,NA,0,1,1,7,Non-havened,UpperWarren,19442ANEAA
299,31/03/2022,BOY31,Boyicup,17450ANEAA,9.56E+14,DL2457,DL2458,F,SUCKLING,70,A,7.53,4,0,0,1,0,0,0,0,0,0,5,1,6,1,Non-havened,UpperWarren,17450ANEAA
300,31/03/2022,BOY32,Boyicup,18932ANEAA,9.56E+14,DL6076,DL6077,M,NA,NA,A,7.37,4,0,0,1,1,0,0,0,0,NA,1,1,2,2,Non-havened,UpperWarren,18932ANEAA
301,31/03/2022,BOY36,Boyicup,18930ANEAA,NA,DN1847,DN1848,F,NA,NA,A,7.11,4,3,3,2,2,0,0,0,1,NA,1,2,3,10,Non-havened,UpperWarren,18930ANEAA
302,31/03/2022,BOY37,Boyicup,18891ANEAA,9.56E+14,DN1679,DN1680,F,SUC_LACA,15,A,6.53,4,3,1,1,0,0,0,0,0,0,1,1,2,5,Non-havened,UpperWarren,18891ANEAA
303,31/03/2022,BOY38,Boyicup,18908ANEAA,NA,DN1692,NA,M,NA,NA,A,6.43,4,2,3,2,1,1,0,0,0,NA,2,2,4,9,Non-havened,UpperWarren,18908ANEAA
304,31/03/2022,BOY39,Boyicup,19441ANEAA,9.56E+14,DL6648,DL6649,F,SUCKLING,30,A,6.37,4,2,1,2,1,0,0,0,0,0,0,1,1,6,Non-havened,UpperWarren,19441ANEAA
305,31/03/2022,BOY40,Boyicup,19434ANEAA,9.56E+14,DL6521,DL6522,M,NA,NA,A,6.25,3,3,3,3,1,0,0,0,0,NA,0,1,1,10,Non-havened,UpperWarren,19434ANEAA
306,31/03/2022,BOY48,Boyicup,19436ANEAA,9.56E+14,DL6526,DL6527,M,NA,NA,A,7.14,3,2,3,3,1,1,1,0,1,NA,0,1,1,10,Non-havened,UpperWarren,19436ANEAA
307,1/04/2022,BOY10,Boyicup,17674ANEAA,NA,DL1991,DL3087,M,NA,NA,A,8.14,12,2,3,2,1,2,0,0,0,NA,4,1,5,10,Non-havened,UpperWarren,17674ANEAA
308,1/04/2022,BOY14,Boyicup,18457ANEAA,NA,DL1914,DL2337,M,NA,NA,A,8.43,12,2,3,2,2,3,0,0,0,NA,2,2,4,12,Non-havened,UpperWarren,18457ANEAA
309,1/04/2022,BOY16,Boyicup,17431ANEAA,NA,DL2299,DL2300,F,SUCKLING,60,A,9.01,4,0,2,1,0,0,0,0,1,0,8,2,10,3,Non-havened,UpperWarren,17431ANEAA
310,1/04/2022,BOY20,Boyicup,19447ANEAA,9.56E+13,DL6534,DL6535,F,SUC_INDV,NA,A,8.32,3,1,2,3,2,1,0,0,0,1,0,1,1,9,Non-havened,UpperWarren,19447ANEAA
311,1/04/2022,BOY20,Boyicup,NA,NA,NA,NA,M,NA,NA,I,8.32,3,1,2,3,2,1,0,0,0,1,652,8,660,9,Non-havened,UpperWarren,NA
312,1/04/2022,BOY20,Boyicup,NA,NA,NA,NA,M,NA,NA,I,8.32,3,1,2,3,2,1,0,0,0,1,652,8,660,9,Non-havened,UpperWarren,NA
313,1/04/2022,BOY21,Boyicup,18924ANEAA,9.56E+14,DL6067,DL6068,M,NA,NA,A,8.27,4,3,3,1,1,0,0,1,1,NA,1,1,2,8,Non-havened,UpperWarren,18924ANEAA
314,1/04/2022,BOY24,Boyicup,17432ANEAA,NA,DL2496,DL2497,F,SUC_LACA,30,A,8.15,4,3,3,2,1,1,0,0,0,0,8,3,11,10,Non-havened,UpperWarren,17432ANEAA
315,1/04/2022,BOY25,Boyicup,19446ANEAA,9.56E+14,DL6532,DL6533,M,NA,NA,A,8.16,17,1,2,3,2,1,0,0,0,NA,0,1,1,9,Non-havened,UpperWarren,19446ANEAA
316,1/04/2022,BOY27,Boyicup,19454ANEAA,NA,DL6663,DL6664,M,NA,NA,A,8.01,4,3,3,2,1,1,0,0,0,0,0,1,1,10,Non-havened,UpperWarren,19454ANEAA
317,1/04/2022,BOY28,Boyicup,19443ANEAA,NA,DL6652,DL6653,M,NA,NA,A,7.51,4,2,0,1,1,0,0,0,0,NA,0,2,2,4,Non-havened,UpperWarren,19443ANEAA
318,1/04/2022,BOY29,Boyicup,19453ANEAA,9.56E+14,DL6661,DL6662,M,NA,NA,S,7.36,4,0,2,2,1,0,1,0,0,NA,0,1,1,5,Non-havened,UpperWarren,19453ANEAA
319,1/04/2022,BOY32,Boyicup,19451ANEAA,9.56E+14,DL6657,DL6658,F,SUC_INDV,60,A,6.49,4,0,3,2,1,0,0,0,1,1,0,1,1,6,Non-havened,UpperWarren,19451ANEAA
320,1/04/2022,BOY32,Boyicup,NA,NA,NA,NA,F,NA,NA,I,6.49,4,0,3,2,1,0,0,0,1,1,652,8,660,6,Non-havened,UpperWarren,NA
321,1/04/2022,BOY36,Boyicup,18447ANEAA,NA,DL4146,DL4147,M,NA,NA,A,6.36,4,0,0,1,0,0,0,0,0,0,3,2,5,1,Non-havened,UpperWarren,18447ANEAA
322,1/04/2022,BOY42,Boyicup,18889ANEAA,9.56E+14,DN1674,DN1676,F,SUCKLING,45,A,6.42,3,1,3,3,1,2,0,0,1,0,1,1,2,10,Non-havened,UpperWarren,18889ANEAA
323,1/04/2022,BOY49,Boyicup,18873ANEAA,9.56E+14,DN1659,DN1660,F,SUCKLING,110,A,7.18,3,1,3,2,1,1,0,0,0,1,1,1,2,8,Non-havened,UpperWarren,18873ANEAA
324,1/04/2022,BOY50,Boyicup,19445ANEAA,9.56E+14,DL6530,DL6531,M,NA,NA,A,7.32,17,1,3,3,2,3,1,1,1,NA,0,1,1,12,Non-havened,UpperWarren,19445ANEAA
325,22/03/2022,POS11,Moopinup,19353ANEAA,9.56E+14,DL4755,DL4756,M,NA,NA,A,7.45,3,0,1,2,1,1,1,0,0,NA,0,1,1,5,Non-havened,UpperWarren,19353ANEAA
326,22/03/2022,POS20,Moopinup,19354ANEAA,9.56E+14,DL4757,DL4758,F,SUCKLING,40,A,8.38,3,2,3,1,2,2,0,0,1,0,0,1,1,10,Non-havened,UpperWarren,19354ANEAA
327,22/03/2022,POS21,Moopinup,19355ANEAA,9.56E+14,DL4759,DL4760,F,SUCKLING,35,A,8.5,3,3,3,1,2,1,1,0,0,0,0,1,1,10,Non-havened,UpperWarren,19355ANEAA
328,22/03/2022,POS27,Moopinup,18712ANEAA,9.56E+14,DL3896,DL3897,F,SUCKLING,25,A,6.5,11,0,0,1,0,1,0,0,0,0,3,1,4,2,Non-havened,UpperWarren,18712ANEAA
329,22/03/2022,POS28,Moopinup,18410ANEAA,9.56E+14,DL3663,DL3664,M,NA,NA,A,6.5,10,1,3,3,0,2,1,1,0,NA,5,1,6,9,Non-havened,UpperWarren,18410ANEAA
330,22/03/2022,POS29,Moopinup,19360ANEAA,9.56E+14,DL6480,DL6481,M,NA,NA,A,7.08,10,3,0,2,0,0,0,0,0,NA,0,1,1,5,Non-havened,UpperWarren,19360ANEAA
331,22/03/2022,POS30,Moopinup,18951ANEAA,9.56E+14,DL3515,DL3516,F,SUC_LACA,15,A,7.12,11,0,2,1,0,0,0,0,1,0,2,1,3,3,Non-havened,UpperWarren,18951ANEAA
332,22/03/2022,POS31,Moopinup,18409ANEAA,9.56E+14,DL1411,DL1412,M,NA,NA,A,7.26,11,2,1,1,1,1,0,0,0,NA,4,1,5,6,Non-havened,UpperWarren,18409ANEAA
333,22/03/2022,POS32,Moopinup,19356ANEAA,9.56E+14,DL3374,DL3375,M,NA,NA,A,7.38,11,2,2,2,2,2,1,1,0,NA,0,1,1,10,Non-havened,UpperWarren,19356ANEAA
334,22/03/2022,POS35,Moopinup,19358ANEAA,9.56E+14,DL3370,DL3371,M,NA,NA,A,8.1,11,0,2,2,1,1,1,1,0,NA,0,1,1,6,Non-havened,UpperWarren,19358ANEAA
335,22/03/2022,POS36,Moopinup,19359ANEAA,9.56E+14,DL3508,DL3895,M,NA,NA,A,8.24,11,0,2,2,2,1,1,1,1,NA,0,1,1,7,Non-havened,UpperWarren,19359ANEAA
336,22/03/2022,POS41,Moopinup,18938ANEAA,9.56E+14,DL1958,DL1959,M,NA,NA,A,8.4,10,3,3,3,2,1,1,1,0,NA,1,1,2,12,Non-havened,UpperWarren,18938ANEAA
337,22/03/2022,POS43,Moopinup,19363ANEAA,9.56E+14,DL6486,DL6487,M,NA,NA,A,8.28,10,0,3,2,0,0,0,0,0,NA,0,1,1,5,Non-havened,UpperWarren,19363ANEAA
338,22/03/2022,POS44,Moopinup,18423ANEAA,9.56E+14,DL3681,DL3682,F,SUCKLING,30,A,8.13,10,3,0,2,1,0,1,0,1,0,3,1,4,6,Non-havened,UpperWarren,18423ANEAA
339,23/03/2022,POS22,Moopinup,18740ANEAA,9.56E+14,DL3201,DL3202,M,NA,NA,A,9.14,3,0,2,2,3,2,1,0,1,NA,3,1,4,9,Non-havened,UpperWarren,18740ANEAA
340,23/03/2022,POS23,Moopinup,19377ANEAA,9.56E+14,DL6403,DL6404,F,VIRGINAL,NA,A,9.18,10,0,3,2,2,0,0,0,0,NA,0,1,1,7,Non-havened,UpperWarren,19377ANEAA
341,23/03/2022,POS24,Moopinup,19365ANEAA,9.56E+14,DL3368,DL3369,F,SUC_LACA,15,A,6.32,11,1,3,2,0,1,0,0,1,0,0,1,1,7,Non-havened,UpperWarren,19365ANEAA
342,23/03/2022,POS25,Moopinup,19366ANEAA,9.56E+14,DL6601,DL6602,F,SUC_LACA,30,A,6.55,11,1,2,2,0,1,0,1,0,0,0,1,1,6,Non-havened,UpperWarren,19366ANEAA
343,23/03/2022,POS26,Moopinup,17616ANEAA,9.56E+14,DL2538,DL2539,M,NA,NA,A,7.11,11,2,3,2,0,0,0,1,1,NA,10,1,11,7,Non-havened,UpperWarren,17616ANEAA
344,23/03/2022,POS28,Moopinup,19360ANEAA,NA,DL6480,DL6481,M,NA,NA,A,7.34,11,1,1,2,0,0,0,0,0,NA,0,2,2,4,Non-havened,UpperWarren,19360ANEAA
345,23/03/2022,POS30,Moopinup,18700ANEAA,9.56E+14,DL3503,DL3881,M,NA,NA,A,7.44,11,1,2,0,0,0,0,0,1,NA,4,1,5,3,Non-havened,UpperWarren,18700ANEAA
346,23/03/2022,POS31,Moopinup,18951ANEAA,NA,DL3515,DL3516,F,SUC_LACA,15,A,7.58,11,0,0,0,0,0,0,0,0,0,2,2,4,0,Non-havened,UpperWarren,18951ANEAA
347,23/03/2022,POS32,Moopinup,18409ANEAA,NA,DL1411,DL1412,M,NA,NA,A,8.06,11,2,2,2,0,0,0,0,0,NA,4,2,6,6,Non-havened,UpperWarren,18409ANEAA
348,23/03/2022,POS33,Moopinup,19367ANEAA,9.56E+14,DL6603,DL6604,F,SUCKLING,70,A,8.11,11,2,2,0,0,1,0,1,0,1,0,1,1,5,Non-havened,UpperWarren,19367ANEAA
349,23/03/2022,POS33,Moopinup,NA,NA,NA,NA,M,NA,NA,I,8.11,11,2,2,0,0,1,0,1,0,1,652,1,653,5,Non-havened,UpperWarren,NA
350,23/03/2022,POS35,Moopinup,19368ANEAA,9.56E+14,DL6605,DL6606,F,SUCKLING,90,A,8.37,11,0,0,1,0,0,0,0,0,0,0,1,1,1,Non-havened,UpperWarren,19368ANEAA
351,23/03/2022,POS36,Moopinup,19369ANEAA,9.56E+14,DL6607,DL6608,F,SUCKLING,60,A,8.57,11,0,1,0,0,0,1,0,0,0,0,1,1,1,Non-havened,UpperWarren,19369ANEAA
352,23/03/2022,POS38,Moopinup,19376ANEAA,9.56E+14,DL6500,DL6401,M,NA,NA,A,8.36,10,3,3,3,0,0,1,0,0,NA,0,1,1,9,Non-havened,UpperWarren,19376ANEAA
353,23/03/2022,POS39,Moopinup,19375ANEAA,9.56E+14,DL6498,DL6499,F,ACTV_PCH,NA,A,8.22,17,0,1,1,0,1,0,0,0,0,0,1,1,3,Non-havened,UpperWarren,19375ANEAA
354,23/03/2022,POS40,Moopinup,17584ANEAA,9.56E+14,DL2501,DL2502,M,NA,NA,A,8.12,10,0,0,1,0,1,0,0,0,NA,6,1,7,2,Non-havened,UpperWarren,17584ANEAA
355,23/03/2022,POS41,Moopinup,19374ANEAA,9.56E+14,DL6496,DL6497,M,NA,NA,A,8.02,10,1,2,2,1,1,1,1,1,NA,0,1,1,7,Non-havened,UpperWarren,19374ANEAA
356,23/03/2022,POS42,Moopinup,19363ANEAA,9.56E+14,DL6486,DL6487,M,NA,NA,A,7.55,10,0,2,2,0,0,0,0,1,NA,0,2,2,4,Non-havened,UpperWarren,19363ANEAA
357,23/03/2022,POS43,Moopinup,19373ANEAA,9.56E+14,DL6494,DL6495,F,SUC_LACA,40,A,7.42,10,0,2,2,0,0,0,0,0,0,0,1,1,4,Non-havened,UpperWarren,19373ANEAA
358,23/03/2022,POS44,Moopinup,19372ANEAA,9.56E+14,DL6492,DL6493,M,NA,NA,A,7.31,10,0,1,1,0,1,0,0,1,NA,0,1,1,3,Non-havened,UpperWarren,19372ANEAA
359,23/03/2022,POS47,Moopinup,18707ANEAA,9.56E+14,DL3884,DL3885,F,SUC_LACA,40,A,7.17,18,0,1,1,1,2,1,1,0,0,3,1,4,5,Non-havened,UpperWarren,18707ANEAA
360,23/03/2022,POS50,Moopinup,19370ANEAA,9.56E+14,DL6488,DL6489,M,NA,NA,A,6.38,10,0,0,2,3,1,1,1,0,NA,0,1,1,6,Non-havened,UpperWarren,19370ANEAA
361,24/03/2022,POS12,Moopinup,19379ANEAA,9.56E+14,DL4766,DL4767,M,NA,NA,A,7.53,16,2,2,2,1,1,0,0,0,NA,0,1,1,8,Non-havened,UpperWarren,19379ANEAA
362,24/03/2022,POS14,Moopinup,19380ANEAA,9.56E+14,DL4768,DL4769,M,NA,NA,A,8.1,16,2,1,1,1,2,1,1,1,NA,0,1,1,7,Non-havened,UpperWarren,19380ANEAA
363,24/03/2022,POS21,Moopinup,18973ANEAA,9.56E+14,DL1948,DL1947,F,SUCKLING,50,A,8.55,16,3,3,2,1,1,0,0,0,1,1,1,2,10,Non-havened,UpperWarren,18973ANEAA
364,24/03/2022,POS22,Moopinup,18935ANEAA,9.56E+14,DL1950,NA,F,PAR_NOAC,NA,A,9.07,16,3,3,2,3,2,0,0,0,NA,2,1,3,13,Non-havened,UpperWarren,18935ANEAA
365,24/03/2022,POS23,Moopinup,18714ANEAA,9.56E+14,DL3900,DL3826,M,NA,NA,A,9,10,1,3,2,1,2,0,0,0,NA,2,1,3,9,Non-havened,UpperWarren,18714ANEAA
366,24/03/2022,POS24,Moopinup,19382ANEAA,9.56E+14,DL6609,DL6610,M,NA,NA,A,6.38,11,2,3,2,0,1,0,1,0,NA,0,1,1,8,Non-havened,UpperWarren,19382ANEAA
367,24/03/2022,POS25,Moopinup,18752ANEAA,9.56E+14,DL1841,DL1842,F,SUCKLING,20,A,6.53,11,3,3,1,0,1,0,0,0,NA,1,1,2,8,Non-havened,UpperWarren,18752ANEAA
368,24/03/2022,POS27,Moopinup,18723ANEAA,9.56E+14,DN1764,DN1765,F,SUCKLING,60,A,7.09,11,2,2,2,0,0,0,0,0,0,3,1,4,6,Non-havened,UpperWarren,18723ANEAA
369,24/03/2022,POS28,Moopinup,18711ANEAA,9.56E+14,NA,DL3893,M,NA,NA,A,7.21,11,2,3,3,0,0,0,0,0,NA,3,1,4,8,Non-havened,UpperWarren,18711ANEAA
370,24/03/2022,POS29,Moopinup,19383ANEAA,9.56E+14,DL6611,DL6612,F,SUCKLING,15,A,7.31,11,2,2,2,2,2,0,1,0,0,0,1,1,10,Non-havened,UpperWarren,19383ANEAA
371,24/03/2022,POS30,Moopinup,19384ANEAA,9.56E+14,DL6613,DL6614,M,NA,NA,A,7.47,11,1,2,3,0,1,1,1,0,NA,0,1,1,7,Non-havened,UpperWarren,19384ANEAA
372,24/03/2022,POS31,Moopinup,18700ANEAA,NA,DL3503,DL3881,M,NA,NA,A,7.59,11,2,1,1,0,0,0,0,0,NA,4,2,6,4,Non-havened,UpperWarren,18700ANEAA
373,24/03/2022,POS32,Moopinup,19385ANEAA,9.56E+14,DL6615,DL6616,F,SUCKLING,60,A,8.06,11,3,3,2,0,2,1,1,0,0,0,1,1,10,Non-havened,UpperWarren,19385ANEAA
374,24/03/2022,POS33,Moopinup,18731ANEAA,9.56E+14,DL3506,DL3842,F,SUCKLING,65,A,8.2,11,0,0,1,0,0,0,0,0,0,2,1,3,1,Non-havened,UpperWarren,18731ANEAA
375,24/03/2022,POS35,Moopinup,19387ANEAA,9.56E+14,DL6619,DL6620,F,SUCKLING,35,A,8.47,11,0,0,1,0,1,1,0,0,0,0,1,1,2,Non-havened,UpperWarren,19387ANEAA
376,24/03/2022,POS36,Moopinup,19388ANEAA,9.56E+14,DL6621,DL6622,F,SUCKLING,30,A,8.59,11,1,3,2,0,1,1,0,0,0,0,1,1,7,Non-havened,UpperWarren,19388ANEAA
377,24/03/2022,POS38,Moopinup,19395ANEAA,9.56E+14,DL6417,DL6418,F,SUCKLING,20,A,8.49,10,3,2,2,1,1,1,0,1,0,0,1,1,9,Non-havened,UpperWarren,19395ANEAA
378,24/03/2022,POS39,Moopinup,18938ANEAA,9.56E+14,DL1958,DL1959,M,NA,NA,A,8.42,10,3,1,1,0,1,1,1,0,NA,1,2,3,6,Non-havened,UpperWarren,18938ANEAA
379,24/03/2022,POS40,Moopinup,19394ANEAA,9.56E+14,DL6415,DL6416,M,NA,NA,A,8.3,10,1,1,2,1,1,1,0,0,NA,0,1,1,6,Non-havened,UpperWarren,19394ANEAA
380,24/03/2022,POS41,Moopinup,18968ANEAA,9.56E+14,DL3533,DL3534,F,SUCKLING,120,A,8.06,10,1,3,3,1,1,1,0,0,1,1,1,2,9,Non-havened,UpperWarren,18968ANEAA
381,24/03/2022,POS43,Moopinup,19393ANEAA,9.56E+14,DL6413,DL6414,M,NA,NA,A,7.5,10,0,1,1,1,1,1,1,0,NA,0,1,1,4,Non-havened,UpperWarren,19393ANEAA
382,24/03/2022,POS46,Moopinup,19392ANEAA,9.56E+14,DL6411,DL6412,M,NA,NA,A,7.33,10,1,2,2,0,2,0,0,1,NA,0,1,1,7,Non-havened,UpperWarren,19392ANEAA
383,24/03/2022,POS48,Moopinup,19391ANEAA,9.56E+14,DL6409,DL6410,M,NA,NA,A,7.2,10,1,0,1,0,0,0,0,0,NA,0,1,1,2,Non-havened,UpperWarren,19391ANEAA
384,24/03/2022,POS50,Moopinup,19389ANEAA,9.56E+14,DL6405,DL6406,M,NA,NA,A,6.49,10,1,3,3,1,2,1,1,1,NA,0,1,1,10,Non-havened,UpperWarren,19389ANEAA
385,25/03/2022,POS10,Moopinup,19401ANEAA,9.56E+14,DL6633,DL6634,M,NA,NA,A,8.16,11,1,2,1,0,0,0,0,0,NA,0,1,1,4,Non-havened,UpperWarren,19401ANEAA
386,25/03/2022,POS12,Moopinup,19379ANEAA,NA,DL4766,DL4767,M,NA,NA,A,8.28,11,1,1,1,0,0,0,0,0,NA,0,2,2,3,Non-havened,UpperWarren,19379ANEAA
387,25/03/2022,POS16,Moopinup,19402ANEAA,9.56E+14,DL6635,DL6636,F,SUCKLING,30,A,8.39,11,2,2,2,1,1,1,0,0,0,0,1,1,8,Non-havened,UpperWarren,19402ANEAA
388,25/03/2022,POS17,Moopinup,19412ANEAA,9.56E+14,DL6428,DL6429,M,NA,NA,A,8.42,17,0,2,2,0,1,1,0,0,NA,0,1,1,5,Non-havened,UpperWarren,19412ANEAA
389,25/03/2022,POS21,Moopinup,18740ANEAA,9.56E+14,DL3201,DL3202,M,NA,NA,A,8.32,10,0,2,1,0,0,1,0,0,NA,3,2,5,3,Non-havened,UpperWarren,18740ANEAA
390,25/03/2022,POS22,Moopinup,18961ANEAA,9.56E+14,DL3519,DL3520,M,NA,NA,A,8.24,16,2,2,2,0,2,0,1,1,NA,2,1,3,8,Non-havened,UpperWarren,18961ANEAA
391,25/03/2022,POS24,Moopinup,18714ANEAA,9.56E+14,DL3900,DL3826,M,NA,NA,A,6.36,16,3,3,3,2,3,0,1,0,NA,2,2,4,14,Non-havened,UpperWarren,18714ANEAA
392,25/03/2022,POS25,Moopinup,19403ANEAA,9.56E+14,DL4772,DL4773,M,NA,NA,A,6.47,16,3,3,3,1,1,0,1,1,NA,0,1,1,11,Non-havened,UpperWarren,19403ANEAA
393,25/03/2022,POS27,Moopinup,17616ANEAA,9.56E+14,DL2538,DL2539,M,NA,NA,A,7.05,16,3,2,1,0,0,0,1,1,NA,10,2,12,6,Non-havened,UpperWarren,17616ANEAA
394,25/03/2022,POS28,Moopinup,18712ANEAA,9.56E+14,DL3896,DL3897,F,SUCKLING,25,A,7.1,16,3,2,1,0,2,1,1,0,0,3,2,5,8,Non-havened,UpperWarren,18712ANEAA
395,25/03/2022,POS29,Moopinup,19404ANEAA,9.56E+14,DL4774,DL4775,M,NA,NA,S,7.17,16,2,2,1,2,1,0,1,0,NA,0,1,1,8,Non-havened,UpperWarren,19404ANEAA
396,25/03/2022,POS30,Moopinup,19405ANEAA,9.56E+14,DL6553,DL6554,M,NA,NA,A,7.25,16,0,3,2,2,1,0,0,1,NA,0,1,1,8,Non-havened,UpperWarren,19405ANEAA
397,25/03/2022,POS32,Moopinup,18731ANEAA,9.56E+14,DL3506,DL3842,F,SUCKLING,70,A,7.38,16,1,2,1,0,0,0,0,0,0,2,2,4,4,Non-havened,UpperWarren,18731ANEAA
398,25/03/2022,POS33,Moopinup,18409ANEAA,9.56E+14,DL1411,DL1412,M,NA,NA,A,7.45,16,3,3,3,0,0,0,0,0,NA,4,3,7,9,Non-havened,UpperWarren,18409ANEAA
399,25/03/2022,POS35,Moopinup,19406ANEAA,9.56E+14,DL6555,DL6556,M,NA,NA,S,7.55,16,0,0,1,0,0,0,0,1,NA,0,1,1,1,Non-havened,UpperWarren,19406ANEAA
400,25/03/2022,POS36,Moopinup,19407ANEAA,9.56E+14,DL6557,DL6558,M,NA,NA,A,8.03,16,2,1,2,3,3,1,1,1,NA,0,1,1,11,Non-havened,UpperWarren,19407ANEAA
401,25/03/2022,POS37,Moopinup,19369ANEAA,9.56E+14,DL6607,DL6608,F,SUCKLING,60,A,8.09,10,2,2,1,1,1,0,0,0,0,0,2,2,7,Non-havened,UpperWarren,19369ANEAA
402,25/03/2022,POS38,Moopinup,19376ANEAA,9.56E+14,DL6500,DL6401,M,NA,NA,A,8,17,3,2,2,1,1,1,0,0,NA,0,2,2,9,Non-havened,UpperWarren,19376ANEAA
403,25/03/2022,POS39,Moopinup,19411ANEAA,9.56E+14,DL6426,DL6427,F,SUCKLING,30,A,7.48,10,2,2,1,1,3,1,1,0,NA,0,1,1,9,Non-havened,UpperWarren,19411ANEAA
404,25/03/2022,POS41,Moopinup,19410ANEAA,9.56E+14,DL6420,DL6425,M,NA,NA,A,7.36,10,1,2,2,1,3,1,1,0,NA,0,1,1,9,Non-havened,UpperWarren,19410ANEAA
405,25/03/2022,POS45,Moopinup,19409ANEAA,9.56E+14,DL6423,DL6424,M,NA,NA,A,7.2,10,0,1,2,1,1,1,0,0,NA,0,1,1,5,Non-havened,UpperWarren,19409ANEAA
406,25/03/2022,POS46,Moopinup,19408ANEAA,9.56E+14,DL6421,DL6422,F,SUC_LACA,10,A,7.09,10,0,0,1,0,0,1,0,1,0,0,1,1,1,Non-havened,UpperWarren,19408ANEAA
407,10/10/2022,A2,DNWS,6268ANHAA,NA,W1567,W1568,F,SUC_LACA,10,A,7:07,16,3,1,1,1,1,0,1,0,0,2,1,3,7,Havened,Dryandra,6268ANHAA
408,10/10/2022,A4,DNWS,6240ANHAA,NA,W0932,W0933,M,NA,NA,A,6:59,16,1,1,1,1,1,0,0,0,NA,3,1,4,5,Havened,Dryandra,6240ANHAA
409,10/10/2022,A6,DNWS,6218ANHAA,9.56E+14,W0980,W0981,M,NA,NA,A,6:00,8,1,1,1,1,1,0,0,0,NA,2,1,3,5,Havened,Dryandra,6218ANHAA
410,10/10/2022,A7,DNWS,5712ANHAA,9.56E+14,W0556,W0557,M,NA,NA,A,7:45,8,1,1,1,2,0,0,0,0,NA,6,1,7,5,Havened,Dryandra,5712ANHAA
411,10/10/2022,B1,DNWS,5586ANHAA,NA,W0324,W0388,F,SUC_LACA,40,A,7:22,16,0,2,2,2,2,0,0,0,0,1,1,2,8,Havened,Dryandra,5586ANHAA
412,10/10/2022,B6,DNWS,6217ANHAA,9.56E+13,W0978,W0979,F,LAC_OSP,120,A,6:15,8,2,1,1,1,1,1,0,0,NA,4,1,5,6,Havened,Dryandra,6217ANHAA
413,10/10/2022,B7,DNWS,5701ANHAA,9.56E+14,N8724,N8725,F,SUCKLING,65,A,7:24,8,1,1,1,1,0,0,0,0,0,5,1,6,4,Havened,Dryandra,5701ANHAA
414,10/10/2022,B8,DNWS,5990ANHAA,9.56E+14,W0863,W0864,M,NA,NA,A,7:35,8,1,1,1,1,0,0,0,0,NA,3,1,4,4,Havened,Dryandra,5990ANHAA
415,10/10/2022,C1,DNWS,5969ANHAA,NA,W0821,W0822,M,NA,NA,A,7:28,16,0,1,1,1,1,0,0,0,NA,4,1,5,4,Havened,Dryandra,5969ANHAA
416,10/10/2022,C2,DNWS,6246ANHAA,NA,W0944,W0945,F,SUCKLING,40,A,6:33,16,3,1,1,1,1,0,0,1,0,1,1,2,7,Havened,Dryandra,6246ANHAA
417,10/10/2022,C3,DNWS,6257ANHAA,NA,W1574,W1575,F,SUCKLING,50,A,6:27,16,3,2,2,1,1,0,0,0,0,2,1,3,9,Havened,Dryandra,6257ANHAA
418,10/10/2022,C4,DNWS,6504ANHAA,NA,W1428,W1429,F,SUCKLING,20,A,6:20,16,1,1,1,1,2,0,0,0,0,0,1,1,6,Havened,Dryandra,6504ANHAA
419,10/10/2022,C8,DNWS,5968ANHAA,9.56E+14,W0819,W0820,M,NA,NA,A,7:15,8,0,0,1,0,0,0,0,0,NA,3,1,4,1,Havened,Dryandra,5968ANHAA
420,10/10/2022,D1,DNWS,6503ANHAA,NA,W1426,W1427,M,NA,NA,A,5:50,16,2,1,1,1,2,1,0,0,NA,0,1,1,7,Havened,Dryandra,6503ANHAA
421,10/10/2022,D2,DNWS,5994ANHAA,NA,W0869,W0871,F,SUC_LACA,10,A,6:02,16,0,2,2,1,2,1,0,0,0,1,2,3,7,Havened,Dryandra,5994ANHAA
422,10/10/2022,D2,DNWS,5994ANHAA,NA,W0869,W0871,F,SUC_LACA,10,A,6:39,16,2,2,2,2,3,0,0,1,NA,1,2,3,11,Havened,Dryandra,5994ANHAA
423,10/10/2022,D3,DNWS,6222ANHAA,NA,W0989,W0990,M,NA,NA,A,6:08,16,2,3,3,2,1,0,1,0,NA,3,2,5,11,Havened,Dryandra,6222ANHAA
424,10/10/2022,D3,DNWS,6222ANHAA,NA,W0989,W0990,M,NA,NA,A,6:45,16,1,1,1,3,0,0,0,0,NA,3,2,5,6,Havened,Dryandra,6222ANHAA
425,10/10/2022,D6,DNWS,6265ANHAA,9.56E+14,W1501,W1502,F,LAC_OSP,30,A,6:40,8,1,1,1,1,2,1,1,0,NA,2,1,3,6,Havened,Dryandra,6265ANHAA
426,10/10/2022,D7,DNWS,NA,NA,NA,NA,M,NA,NA,J,6:53,8,1,1,2,1,1,1,0,0,1,0,9,9,6,Havened,Dryandra,NA
427,10/10/2022,D7,DNWS,5944ANHAA,9.56E+14,W0829,W0830,F,LAC_OSP,100,A,6:53,8,1,1,2,1,1,1,0,0,1,5,1,6,6,Havened,Dryandra,5944ANHAA
428,10/10/2022,D8,DNWS,6284ANHAA,9.56E+14,W1338,NA,M,NA,NA,A,7:58,8,1,2,1,1,0,0,1,0,NA,1,1,2,5,Havened,Dryandra,6284ANHAA
429,10/10/2022,E1,DNWS,6506ANHAA,NA,W2103,W2104,M,NA,NA,A,7:37,16,3,3,3,3,1,1,0,0,NA,0,1,1,13,Havened,Dryandra,6506ANHAA
430,10/10/2022,E2,DNWS,6509ANHAA,NA,W2109,W2110,F,SUC_LACA,10,A,8:22,16,1,1,1,3,3,1,0,0,0,0,1,1,9,Havened,Dryandra,6509ANHAA
431,10/10/2022,E3,DNWS,5706ANHAA,NA,W0514,W0515,M,NA,NA,A,8:30,13,1,2,2,2,1,0,0,0,NA,7,1,8,8,Havened,Dryandra,5706ANHAA
432,10/10/2022,E5,DNWS,6513ANHAA,NA,W2118,W2119,M,NA,NA,A,9:48,13,2,2,2,3,1,0,0,0,NA,0,1,1,10,Havened,Dryandra,6513ANHAA
433,10/10/2022,E6,DNWS,6522ANHAA,9.56E+14,W1605,NA,M,NA,NA,A,9:45,14,1,2,2,1,1,0,0,1,0,0,1,1,7,Havened,Dryandra,6522ANHAA
434,10/10/2022,E8,DNWS,6235ANHAA,9.56E+14,W1396,W1397,M,NA,NA,A,8:09,8,2,1,1,2,3,1,0,0,NA,3,1,4,9,Havened,Dryandra,6235ANHAA
435,10/10/2022,F2,DNWS,6225ANHAA,NA,W0995,W0996,F,SUC_LACA,10,A,8:15,16,2,2,2,3,3,0,0,0,0,3,1,4,12,Havened,Dryandra,6225ANHAA
436,10/10/2022,F3,DNWS,5978ANHAA,NA,W0770,W0771,M,NA,NA,A,8:44,13,0,2,2,3,1,0,0,0,NA,4,1,5,8,Havened,Dryandra,5978ANHAA
437,10/10/2022,F4,DNWS,5961ANHAA,NA,W0614,W0615,M,NA,NA,A,9:36,13,0,1,1,1,1,0,0,0,NA,4,1,5,4,Havened,Dryandra,5961ANHAA
438,10/10/2022,F6,DNWS,6264ANHAA,9.56E+14,W1332,W1333,F,SUC_LACA,30,A,8:20,12,0,1,1,1,0,0,0,0,0,2,1,3,3,Havened,Dryandra,6264ANHAA
439,10/10/2022,F7,DNWS,6519ANHAA,9.56E+14,W1984,W1985,M,NA,NA,A,8:29,14,0,1,1,1,1,0,0,0,NA,0,1,1,4,Havened,Dryandra,6519ANHAA
440,10/10/2022,F8,DNWS,6520ANHAA,9.56E+14,W1751,W1752,M,NA,NA,A,8:37,14,0,0,0,0,0,0,0,0,NA,0,1,1,0,Havened,Dryandra,6520ANHAA
441,10/10/2022,G2,DNWS,6002ANHAA,NA,N8739,N8740,M,NA,NA,A,8:07,16,3,2,2,1,1,1,0,1,NA,3,1,4,9,Havened,Dryandra,6002ANHAA
442,10/10/2022,G3,DNWS,6511ANHAA,NA,W2124,W2125,M,NA,NA,A,8:54,13,1,2,2,1,1,0,0,0,NA,0,1,1,7,Havened,Dryandra,6511ANHAA
443,10/10/2022,G4,DNWS,6512ANHAA,NA,W2120,W2121,F,SUC_LACA,10,A,9:28,13,0,2,2,1,1,1,1,1,0,0,1,1,6,Havened,Dryandra,6512ANHAA
444,10/10/2022,G6,DNWS,6253ANHAA,9.56E+14,W1303,W1304,F,SUCKLING,30,A,8:47,14,1,1,1,1,0,0,0,0,0,2,1,3,4,Havened,Dryandra,6253ANHAA
445,10/10/2022,G7,DNWS,6254ANHAA,9.56E+14,W1305,W1753,M,NA,NA,A,8:57,14,1,2,1,1,1,0,1,0,NA,2,1,3,6,Havened,Dryandra,6254ANHAA
446,10/10/2022,G8,DNWS,6521ANHAA,9.56E+14,W1754,W1755,M,NA,NA,A,9:05,14,1,2,1,1,1,0,1,1,NA,0,1,1,6,Havened,Dryandra,6521ANHAA
447,10/10/2022,H1,DNWS,6507ANHAA,NA,W2105,W2106,F,SUCKLING,50,A,7:53,16,0,1,1,1,1,0,0,0,0,0,1,1,4,Havened,Dryandra,6507ANHAA
448,10/10/2022,H2,DNWS,6508ANHAA,NA,W2107,W2108,F,SUCKLING,40,A,8:00,16,1,1,1,0,0,0,0,0,0,0,1,1,3,Havened,Dryandra,6508ANHAA
449,10/10/2022,H3,DNWS,6227ANHAA,NA,W0999,W1000,M,NA,NA,A,9:00,13,1,2,2,1,1,0,1,0,NA,3,1,4,7,Havened,Dryandra,6227ANHAA
450,10/10/2022,H4,DNWS,5707ANHAA,NA,W0516,W0517,F,SUC_LACA,20,A,9:15,13,1,2,2,1,1,0,0,0,0,4,1,5,7,Havened,Dryandra,5707ANHAA
451,10/10/2022,H6,DNWS,5565ANHAA,9.56E+14,DL2691,DL2692,M,NA,NA,A,9:17,14,1,2,2,1,1,0,1,0,NA,4,1,5,7,Havened,Dryandra,5565ANHAA
452,10/10/2022,H7,DNWS,6252ANHAA,9.56E+14,W1301,W1302,F,LAC_OSP,90,A,9:25,14,1,2,1,1,1,0,1,0,0,2,1,3,6,Havened,Dryandra,6252ANHAA
453,11/10/2022,A1,DNWS,6275ANHAA,9.56E+14,W1503,W1504,F,SUC_LACA,20,A,7:44,9,1,3,1,1,0,0,0,1,0,1,1,2,6,Havened,Dryandra,6275ANHAA
454,11/10/2022,A2,DNWS,5945ANHAA,9.56E+14,W0831,W0832,M,NA,NA,A,7:35,9,1,1,1,1,2,0,0,0,NA,3,1,4,6,Havened,Dryandra,5945ANHAA
455,11/10/2022,A3,DNWS,6266ANHAA,9.56E+14,W1572,W1573,M,NA,NA,A,7:29,9,1,2,1,1,1,0,1,0,NA,2,1,3,6,Havened,Dryandra,6266ANHAA
456,11/10/2022,A4,DNWS,6531ANHAA,9.56E+14,W1548,W1549,M,NA,NA,A,7:20,9,2,2,1,1,0,0,0,0,NA,0,1,1,6,Havened,Dryandra,6531ANHAA
457,11/10/2022,A5,DNWS,6259ANHAA,9.56E+14,W1312,W1313,M,NA,NA,A,7:09,9,0,1,1,1,0,0,0,0,NA,1,1,2,3,Havened,Dryandra,6259ANHAA
458,11/10/2022,A8,DNWS,6526ANHAA,9.56E+14,W1696,W1697,M,NA,NA,A,7:34,17,2,2,1,1,1,0,0,0,0,0,1,1,7,Havened,Dryandra,6526ANHAA
459,11/10/2022,B1,DNWS,6246ANHAA,9.56E+14,W0944,W0945,F,SUCKLING,30,A,7:51,9,3,2,2,1,0,0,0,0,0,1,2,3,8,Havened,Dryandra,6246ANHAA
460,11/10/2022,B2,DNWS,6268ANHAA,9.56E+14,W1567,W1568,F,SUC_LACA,15,A,6:33,9,3,3,1,1,1,0,1,0,0,2,2,4,9,Havened,Dryandra,6268ANHAA
461,11/10/2022,B3,DNWS,5969ANHAA,9.56E+14,W0821,W0822,M,NA,NA,A,6:41,9,0,2,1,1,1,0,0,0,NA,4,2,6,5,Havened,Dryandra,5969ANHAA
462,11/10/2022,B4,DNWS,6240ANHAA,9.56E+14,W0932,W0933,M,NA,NA,A,6:45,9,0,2,1,0,0,1,0,1,NA,3,2,5,3,Havened,Dryandra,6240ANHAA
463,11/10/2022,B5,DNWS,6217ANHAA,9.56E+14,W0978,W0979,F,LAC_OSP,NA,A,6:54,9,1,0,1,0,0,0,0,0,1,4,2,6,2,Havened,Dryandra,6217ANHAA
464,11/10/2022,B5,DNWS,NA,NA,NA,NA,F,NA,NA,J,6:54,9,1,0,1,0,0,0,0,0,1,0,10,10,2,Havened,Dryandra,NA
465,11/10/2022,B6,DNWS,5712ANHAA,NA,W0556,W0557,M,NA,NA,A,5:55,8,0,1,1,0,0,0,0,0,NA,6,2,8,2,Havened,Dryandra,5712ANHAA
466,11/10/2022,B8,DNWS,6525ANHAA,9.56E+14,W1694,W1695,F,SUCKLING,30,A,7:08,15,2,1,1,1,1,0,0,0,0,0,1,1,6,Havened,Dryandra,6525ANHAA
467,11/10/2022,C1,DNWS,5935ANHAA,9.56E+14,W0895,W0896,M,NA,NA,A,7:58,9,2,1,1,1,0,0,0,0,NA,4,1,5,5,Havened,Dryandra,5935ANHAA
468,11/10/2022,C2,DNWS,6222ANHAA,9.56E+14,W0989,W0990,M,NA,NA,A,6:24,9,1,2,1,1,2,0,1,0,NA,3,3,6,7,Havened,Dryandra,6222ANHAA
469,11/10/2022,C3,DNWS,6504ANHAA,9.56E+14,W1428,W1429,F,SUCKLING,20,A,6:19,9,3,2,1,1,1,1,1,0,0,0,2,2,8,Havened,Dryandra,6504ANHAA
470,11/10/2022,C4,DNWS,5994ANHAA,9.56E+14,W0869,W0871,F,SUC_LACA,15,A,6:12,9,0,0,1,1,0,0,0,0,0,1,3,4,2,Havened,Dryandra,5994ANHAA
471,11/10/2022,C5,DNWS,5692ANHAA,9.82E+14,W1526,W1655,M,NA,NA,A,6:04,9,0,2,1,1,2,0,1,0,NA,0,1,1,6,Havened,Dryandra,5692ANHAA
472,11/10/2022,C6,DNWS,6249ANHAA,9.56E+14,W1390,W1391,F,SUCKLING,40,A,6:00,8,0,1,1,0,1,0,1,0,0,3,1,4,3,Havened,Dryandra,6249ANHAA
473,11/10/2022,C7,DNWS,6524ANHAA,9.56E+14,W1092,W1093,F,SUCKLING,40,A,6:43,15,0,0,0,0,0,1,0,0,0,0,1,1,0,Havened,Dryandra,6524ANHAA
474,11/10/2022,C8,DNWS,6522ANHAA,NA,W1605,NA,M,NA,NA,A,6:58,15,2,2,1,1,1,0,0,0,0,0,2,2,7,Havened,Dryandra,6522ANHAA
475,11/10/2022,D1,DNWS,6242ANHAA,9.56E+14,W0936,W0937,F,SUCKLING,50,A,8:04,9,3,2,1,1,3,1,1,0,0,1,1,2,10,Havened,Dryandra,6242ANHAA
476,11/10/2022,D2,DNWS,6257ANHAA,9.56E+14,W1574,W1575,F,SUCKLING,20,A,5:45,9,3,3,1,1,0,0,0,0,0,2,2,4,8,Havened,Dryandra,6257ANHAA
477,11/10/2022,D3,DNWS,6518ANHAA,9.82E+14,W1826,W1827,M,NA,NA,S,5:54,9,2,2,2,1,0,0,0,0,NA,0,1,1,7,Havened,Dryandra,6518ANHAA
478,11/10/2022,D6,DNWS,6523ANHAA,9.56E+14,W1698,W1699,M,NA,NA,A,6:24,8,1,2,2,1,1,0,1,0,NA,0,1,1,7,Havened,Dryandra,6523ANHAA
479,11/10/2022,D7,DNWS,5968ANHAA,NA,W0819,W0820,M,NA,NA,A,6:35,15,1,2,2,1,1,0,0,0,NA,3,2,5,7,Havened,Dryandra,5968ANHAA
480,11/10/2022,D8,DNWS,5944ANHAA,NA,W0829,W0830,F,LAC_OSP,NA,A,7:50,17,1,2,2,1,1,0,0,0,1,5,2,7,7,Havened,Dryandra,5944ANHAA
481,11/10/2022,E2,DNWS,6514ANHAA,9.56E+14,W1830,W1831,M,NA,NA,A,9:14,14,2,1,1,2,2,0,1,0,NA,0,1,1,8,Havened,Dryandra,6514ANHAA
482,11/10/2022,E4,DNWS,5950ANHAA,9.56E+14,W0845,W0846,F,LAC_NOO,NA,A,10:00,12,0,0,1,1,0,0,0,0,NA,6,1,7,2,Havened,Dryandra,5950ANHAA
483,11/10/2022,E5,DNWS,5706ANHAA,9.56E+14,W0514,W0515,M,NA,NA,A,10:23,15,1,1,1,2,1,1,1,0,NA,7,2,9,6,Havened,Dryandra,5706ANHAA
484,11/10/2022,E6,DNWS,6530ANHAA,9.56E+14,W1763,W1765,F,LAC_OSP,90,A,10:10,15,0,2,2,1,1,0,0,0,1,0,1,1,6,Havened,Dryandra,6530ANHAA
485,11/10/2022,E7,DNWS,6235ANHAA,NA,W1396,W1397,M,NA,NA,A,8:05,17,1,1,1,1,0,0,0,0,NA,3,2,5,4,Havened,Dryandra,6235ANHAA
486,11/10/2022,E8,DNWS,6527ANHAA,9.56E+14,W1756,W1757,M,NA,NA,S,8:15,15,1,2,1,0,0,0,0,0,NA,0,1,1,4,Havened,Dryandra,6527ANHAA
487,11/10/2022,F2,DNWS,6002ANHAA,9.56E+14,N8739,N8740,M,NA,NA,A,9:05,14,1,1,1,1,0,1,0,0,NA,3,2,5,4,Havened,Dryandra,6002ANHAA
488,11/10/2022,F3,DNWS,6225ANHAA,9.56E+14,W0995,W0996,F,SUC_LACA,15,A,9:30,14,1,1,1,2,1,0,0,0,0,3,2,5,6,Havened,Dryandra,6225ANHAA
489,11/10/2022,F4,DNWS,6515ANHAA,9.56E+14,W1847,W1846,M,NA,NA,A,10:14,14,0,0,1,0,0,0,0,0,NA,0,1,1,1,Havened,Dryandra,6515ANHAA
490,11/10/2022,F6,DNWS,6234ANHAA,9.56E+14,W1386,W1387,F,SUCKLING,80,A,8:30,15,0,0,0,1,1,0,0,0,0,3,1,4,2,Havened,Dryandra,6234ANHAA
491,11/10/2022,F7,DNWS,6519ANHAA,NA,W1984,W1985,M,NA,NA,A,8:41,15,0,1,2,1,1,0,0,0,0,0,2,2,5,Havened,Dryandra,6519ANHAA
492,11/10/2022,F8,DNWS,6528ANHAA,9.56E+14,W1758,W1759,M,NA,NA,A,8:50,15,0,0,1,0,1,0,0,0,NA,0,1,1,2,Havened,Dryandra,6528ANHAA
493,11/10/2022,G2,DNWS,6244ANHAA,9.56E+14,W0940,W0941,F,SUC_LACA,30,A,8:55,14,2,1,1,3,2,1,1,0,0,1,1,2,9,Havened,Dryandra,6244ANHAA
494,11/10/2022,G3,DNWS,5930ANHAA,9.56E+14,W0890,W0891,M,NA,NA,A,9:37,14,0,1,1,1,2,0,0,0,NA,1,1,2,5,Havened,Dryandra,5930ANHAA
495,11/10/2022,G4,DNWS,6516ANHAA,9.56E+14,W1853,W1854,F,LAC_NOO,NA,A,10:24,14,0,1,1,1,0,0,0,0,NA,0,1,1,3,Havened,Dryandra,6516ANHAA
496,11/10/2022,G5,DNWS,5977ANHAA,9.56E+14,W0768,W0769,M,NA,NA,A,10:42,17,0,2,1,2,2,1,1,0,NA,4,1,5,7,Havened,Dryandra,5977ANHAA
497,11/10/2022,G6,DNWS,5565ANHAA,NA,DL2691,DL2692,M,NA,NA,A,8:55,15,0,1,1,1,1,1,0,0,NA,4,2,6,4,Havened,Dryandra,5565ANHAA
498,11/10/2022,G7,DNWS,6250ANHAA,9.56E+14,W1320,W1321,M,NA,NA,A,9:07,17,0,1,1,1,1,0,0,0,NA,2,1,3,4,Havened,Dryandra,6250ANHAA
499,11/10/2022,G8,DNWS,6529ANHAA,9.56E+14,W1761,W1762,F,SUCKLING,20,A,9:21,17,1,1,1,1,1,0,0,0,0,0,1,1,5,Havened,Dryandra,6529ANHAA
500,11/10/2022,H1,DNWS,6229ANHAA,9.56E+14,W1376,W1801,M,NA,NA,A,8:30,14,0,1,1,1,0,0,0,0,NA,3,1,4,3,Havened,Dryandra,6229ANHAA
501,11/10/2022,H2,DNWS,6533ANHAA,9.56E+14,W1828,W1829,F,SUC_LACA,30,A,8:42,14,2,1,1,1,0,0,0,0,0,0,1,1,5,Havened,Dryandra,6533ANHAA
502,11/10/2022,H3,DNWS,6230ANHAA,9.56E+14,W1379,W1817,F,SUC_LACA,10,A,9:46,14,0,0,1,1,0,0,0,0,0,1,1,2,2,Havened,Dryandra,6230ANHAA
503,11/10/2022,H4,DNWS,5961ANHAA,9.56E+14,W0614,W0615,M,NA,NA,A,10:36,14,2,1,1,1,0,0,0,0,NA,4,2,6,5,Havened,Dryandra,5961ANHAA
504,11/10/2022,H5,DNWS,6517ANHAA,9.56E+14,W1855,W1856,F,SUCKLING,10,A,10:41,14,0,2,1,1,0,0,0,0,NA,0,1,1,4,Havened,Dryandra,6517ANHAA
505,11/10/2022,H6,DNWS,5978ANHAA,9.56E+14,W0770,W0771,M,NA,NA,A,9:30,17,0,0,1,1,1,0,0,0,0,4,2,6,3,Havened,Dryandra,5978ANHAA
506,11/10/2022,H7,DNWS,5731ANHAA,9.56E+14,W0528,W0529,F,LAC_OSP,50,A,9:40,17,1,1,1,2,1,1,1,0,1,2,1,3,6,Havened,Dryandra,5731ANHAA
507,12/10/2022,A1,DNWS,6535ANHAA,9.56E+14,W1813,W1848,M,NA,NA,A,6:34,9,0,2,2,1,2,0,0,0,NA,0,1,1,7,Havened,Dryandra,6535ANHAA
508,12/10/2022,A2,DNWS,6274ANHAA,9.56E+14,W1557,W1559,M,NA,NA,A,6:26,9,0,2,2,2,1,0,0,0,NA,1,1,2,7,Havened,Dryandra,6274ANHAA
509,12/10/2022,A4,DNWS,6240ANHAA,9.56E+14,W0932,W0933,M,NA,NA,A,6:20,10,0,0,1,1,1,0,0,0,NA,3,3,6,3,Havened,Dryandra,6240ANHAA
510,12/10/2022,A5,DNWS,6285ANHAA,9.56E+14,W1341,W1340,M,NA,NA,A,6:10,14,2,1,1,2,1,0,0,0,NA,1,1,2,7,Havened,Dryandra,6285ANHAA
511,12/10/2022,A6,DNWS,6539ANHAA,9.56E+14,W1773,W1774,M,NA,NA,A,5:45,15,0,0,2,1,1,0,0,0,NA,0,1,1,4,Havened,Dryandra,6539ANHAA
512,12/10/2022,B1,DNWS,6268ANHAA,9.56E+14,W1567,W1568,F,SUC_LACA,10,A,6:43,9,1,2,2,1,2,0,1,0,0,2,3,5,8,Havened,Dryandra,6268ANHAA
513,12/10/2022,B2,DNWS,5596ANHAA,9.56E+14,W0324,W0988,F,SUCKLING,50,A,6:10,9,2,1,1,1,2,0,0,0,0,12,1,13,7,Havened,Dryandra,5596ANHAA
514,12/10/2022,B4,DNWS,6537ANHAA,9.56E+14,W2111,W2112,M,NA,NA,A,6:29,10,0,1,1,1,1,0,0,0,NA,0,1,1,4,Havened,Dryandra,6537ANHAA
515,12/10/2022,B6,DNWS,5920ANHAA,9.56E+14,W0678,W0679,F,SUCKLING,60,A,6:00,15,0,0,0,1,1,1,0,0,0,5,1,6,2,Havened,Dryandra,5920ANHAA
516,12/10/2022,B7,DNWS,5712ANHAA,NA,W0556,W0557,M,NA,NA,A,6:57,15,0,2,2,1,0,1,1,0,NA,6,3,9,5,Havened,Dryandra,5712ANHAA
517,12/10/2022,C1,DNWS,6503ANHAA,9.56E+14,W1426,W1427,M,NA,NA,A,6:51,9,1,2,2,1,1,0,0,0,NA,0,2,2,7,Havened,Dryandra,6503ANHAA
518,12/10/2022,C2,DNWS,6518ANHAA,9.82E+14,NA,NA,M,NA,NA,S,6:05,9,1,1,1,1,1,0,0,0,NA,0,2,2,5,Havened,Dryandra,6518ANHAA
519,12/10/2022,C3,DNWS,6282ANHAA,9.56E+14,W1334,W1335,M,NA,NA,A,5:58,9,1,1,2,1,2,0,0,0,NA,1,1,2,7,Havened,Dryandra,6282ANHAA
520,12/10/2022,C4,DNWS,6239ANHAA,9.56E+14,W0930,W0931,F,SUC_LACA,60,A,6:43,14,2,0,1,0,2,0,1,0,0,2,1,3,5,Havened,Dryandra,6239ANHAA
521,12/10/2022,C5,DNWS,6265ANHAA,9.56E+14,W1501,W1502,F,SUCKLING,30,A,5:59,14,2,1,1,1,1,0,0,0,0,2,2,4,6,Havened,Dryandra,6265ANHAA
522,12/10/2022,C6,DNWS,6540ANHAA,9.56E+14,W1766,W1767,M,NA,NA,A,6:15,15,0,0,0,0,1,1,0,0,NA,0,1,1,1,Havened,Dryandra,6540ANHAA
523,12/10/2022,C8,DNWS,6284ANHAA,NA,W1338,NA,M,NA,NA,A,6:50,15,0,1,1,0,0,0,0,0,NA,1,2,3,2,Havened,Dryandra,6284ANHAA
524,12/10/2022,D2,DNWS,6222ANHAA,9.56E+14,NA,NA,M,NA,NA,A,5:42,9,1,2,1,1,2,0,0,0,NA,3,4,7,7,Havened,Dryandra,6222ANHAA
525,12/10/2022,D3,DNWS,6238ANHAA,9.56E+14,W0928,W0929,F,LAC_OSP,NA,A,5:48,9,1,2,1,2,2,0,0,0,1,2,1,3,8,Havened,Dryandra,6238ANHAA
526,12/10/2022,D6,DNWS,6229ANHAA,9.56E+14,W1376,W1801,M,NA,NA,A,6:30,15,0,0,0,0,0,1,0,0,0,3,2,5,0,Havened,Dryandra,6229ANHAA
527,12/10/2022,D7,DNWS,6527ANHAA,NA,W1756,W1757,M,NA,NA,A,6:37,15,0,0,0,0,0,0,0,0,0,0,2,2,0,Havened,Dryandra,6527ANHAA
528,12/10/2022,D8,DNWS,5943ANHAA,9.56E+14,W0828,W0852,F,SUCKLING,80,A,7:23,15,0,1,1,1,1,0,0,0,0,1,1,2,4,Havened,Dryandra,5943ANHAA
529,12/10/2022,E2,DNWS,5969ANHAA,9.56E+14,NA,NA,M,NA,NA,A,8:24,9,0,1,1,1,1,0,0,0,NA,4,3,7,4,Havened,Dryandra,5969ANHAA
530,12/10/2022,E3,DNWS,5706ANHAA,9.56E+14,W0514,W0515,M,NA,NA,A,8:20,9,0,2,2,1,2,1,0,0,NA,7,3,10,7,Havened,Dryandra,5706ANHAA
531,12/10/2022,E6,DNWS,6538ANHAA,9.56E+14,W2115,W2116,F,SUCKLING,50,A,7:53,12,0,1,1,1,0,0,0,0,0,0,1,1,3,Havened,Dryandra,6538ANHAA
532,12/10/2022,F1,DNWS,6536ANHAA,9.56E+14,W1832,W1833,F,LACTATNG,NA,A,7:06,9,1,2,2,2,1,0,0,0,0,0,1,1,8,Havened,Dryandra,6536ANHAA
533,12/10/2022,F2,DNWS,6244ANHAA,9.56E+14,NA,NA,F,SUC_LACA,40,A,8:04,9,1,2,2,1,1,0,0,0,0,1,2,3,7,Havened,Dryandra,6244ANHAA
534,12/10/2022,F3,DNWS,6511ANHAA,9.56E+14,W2124,W2125,M,NA,NA,A,8:13,9,1,2,2,1,1,0,0,1,NA,0,2,2,7,Havened,Dryandra,6511ANHAA
535,12/10/2022,F4,DNWS,6512ANHAA,9.56E+14,W2120,W2121,F,SUC_LACA,10,A,7:00,14,0,1,1,1,1,0,0,0,0,0,2,2,4,Havened,Dryandra,6512ANHAA
536,12/10/2022,F6,DNWS,6235ANHAA,NA,W1396,W1397,M,NA,NA,A,7:48,15,0,1,1,1,1,0,1,0,NA,3,3,6,4,Havened,Dryandra,6235ANHAA
537,12/10/2022,F8,DNWS,6250ANHAA,NA,W1320,W1321,M,NA,NA,A,7:57,15,0,0,0,0,0,0,0,0,NA,2,2,4,0,Havened,Dryandra,6250ANHAA
538,12/10/2022,G3,DNWS,6002ANHAA,9.56E+14,NA,NA,M,NA,NA,A,7:49,9,2,2,2,1,2,0,0,0,NA,3,3,6,9,Havened,Dryandra,6002ANHAA
539,12/10/2022,G4,DNWS,6522ANHAA,9.56E+14,W1605,NA,M,NA,NA,A,7:56,9,1,2,2,1,1,0,0,0,0,0,4,4,7,Havened,Dryandra,6522ANHAA
540,12/10/2022,G4,DNWS,6522ANHAA,9.56E+14,W1605,NA,M,NA,NA,A,7:07,14,0,1,1,2,1,0,1,1,NA,0,4,4,5,Havened,Dryandra,6522ANHAA
541,12/10/2022,G6,DNWS,5961ANHAA,NA,W0614,W0615,M,NA,NA,A,8:07,15,0,1,1,0,0,0,0,0,NA,4,3,7,2,Havened,Dryandra,5961ANHAA
542,12/10/2022,G7,DNWS,5565ANHAA,NA,DL2691,DL2692,M,NA,NA,A,8:14,15,2,2,1,1,2,1,1,0,NA,4,3,7,8,Havened,Dryandra,5565ANHAA
543,12/10/2022,H1,DNWS,6243ANHAA,NA,W0938,W0939,M,NA,NA,A,7:28,9,1,2,2,2,3,0,1,0,0,2,1,3,10,Havened,Dryandra,6243ANHAA
544,12/10/2022,H2,DNWS,6508ANHAA,9.56E+14,W2107,W2108,F,SUCKLING,40,A,7:37,9,0,2,2,1,1,0,0,0,0,0,2,2,6,Havened,Dryandra,6508ANHAA
545,12/10/2022,H3,DNWS,5978ANHAA,9.56E+14,W0770,W0771,M,NA,NA,A,7:44,9,0,1,1,1,1,0,0,0,NA,4,3,7,4,Havened,Dryandra,5978ANHAA
546,12/10/2022,H4,DNWS,6227ANHAA,9.56E+14,W0999,W1000,M,NA,NA,A,7:14,14,1,1,1,2,1,1,0,0,NA,3,2,5,6,Havened,Dryandra,6227ANHAA
547,12/10/2022,H7,DNWS,6264ANHAA,NA,W1332,W1333,F,SUCKLING,30,A,8:40,15,2,2,1,1,1,0,0,0,0,2,2,4,7,Havened,Dryandra,6264ANHAA
548,12/10/2022,H8,DNWS,6253ANHAA,NA,W1303,W1304,F,SUCKLING,30,A,8:45,15,2,2,2,1,1,1,1,1,0,2,2,4,8,Havened,Dryandra,6253ANHAA
549,13/10/2022,A1,DNWS,6544ANHAA,9.56E+14,W1807,W1845,F,SUCKLING,15,A,8:17,9,0,2,2,1,1,0,0,0,0,0,1,1,6,Havened,Dryandra,6544ANHAA
550,13/10/2022,A2,DNWS,6546ANHAA,9.56E+14,W1843,W1875,F,NA,NA,J,6:21,9,2,2,2,1,1,0,0,1,NA,0,1,1,8,Havened,Dryandra,6546ANHAA
551,13/10/2022,A4,DNWS,6531ANHAA,NA,W1548,W1549,M,NA,NA,A,6:24,16,1,0,0,0,0,0,0,0,NA,0,2,2,1,Havened,Dryandra,6531ANHAA
552,13/10/2022,A5,DNWS,6548ANHAA,9.56E+14,W2117,W2126,F,SUC_LACA,20,A,6:35,16,0,0,1,1,1,1,1,0,0,0,1,1,3,Havened,Dryandra,6548ANHAA
553,13/10/2022,A6,DNWS,6217ANHAA,NA,W0978,W0979,F,LAC_OSP,120,A,5:55,8,0,0,0,0,1,0,0,0,0,4,3,7,1,Havened,Dryandra,6217ANHAA
554,13/10/2022,A7,DNWS,6526ANHAA,NA,W1696,W1697,M,NA,NA,A,7:31,8,1,1,1,1,1,1,1,0,NA,0,2,2,5,Havened,Dryandra,6526ANHAA
555,13/10/2022,A8,DNWS,5712ANHAA,NA,W0556,W0557,M,NA,NA,A,7:41,8,1,1,1,1,1,0,0,0,NA,6,4,10,5,Havened,Dryandra,5712ANHAA
556,13/10/2022,B1,DNWS,6543ANHAA,9.56E+14,NA,W1850,M,NA,NA,S,8:10,9,2,2,2,1,1,0,0,0,NA,0,1,1,8,Havened,Dryandra,6543ANHAA
557,13/10/2022,B4,DNWS,6504ANHAA,NA,W1428,W1429,F,NA,NA,A,6:13,16,2,1,1,1,0,0,0,0,0,0,3,3,5,Havened,Dryandra,6504ANHAA
558,13/10/2022,B6,DNWS,6239ANHAA,9.56E+14,W0930,W0931,F,SUC_LACA,60,A,6:03,8,0,1,1,0,0,0,0,0,0,2,2,4,2,Havened,Dryandra,6239ANHAA
559,13/10/2022,B8,DNWS,6550ANHAA,9.56E+14,W1771,W1775,M,NA,NA,S,7:08,8,1,1,1,2,2,1,1,0,NA,0,1,1,7,Havened,Dryandra,6550ANHAA
560,13/10/2022,C1,DNWS,6242ANHAA,9.56E+14,W0936,W0937,F,SUCKLING,50,A,8:02,9,1,1,1,1,1,0,0,0,NA,1,2,3,5,Havened,Dryandra,6242ANHAA
561,13/10/2022,C2,DNWS,6246ANHAA,NA,W0944,W0945,F,SUCKLING,NA,A,6:03,9,2,2,2,1,1,0,0,0,NA,1,3,4,8,Havened,Dryandra,6246ANHAA
562,13/10/2022,C3,DNWS,6222ANHAA,NA,W0989,W0990,M,NA,NA,A,6:33,9,2,1,1,1,1,1,0,0,NA,3,5,8,6,Havened,Dryandra,6222ANHAA
563,13/10/2022,C5,DNWS,6540ANHAA,NA,W1766,W1767,M,NA,NA,A,7:03,16,1,0,1,0,0,0,0,0,NA,0,2,2,2,Havened,Dryandra,6540ANHAA
564,13/10/2022,C6,DNWS,6265ANHAA,NA,W1501,W1502,F,SUC_LACA,20,A,6:13,8,0,0,0,0,0,0,1,0,0,2,3,5,0,Havened,Dryandra,6265ANHAA
565,13/10/2022,C7,DNWS,5701ANHAA,NA,N8724,N8725,F,SUCKLING,65,A,6:42,8,1,1,1,1,1,0,0,0,0,5,2,7,5,Havened,Dryandra,5701ANHAA
566,13/10/2022,C8,DNWS,6278ANHAA,9.56E+14,W1565,W1571,F,SUCKLING,80,A,6:49,8,1,1,1,1,1,0,0,0,1,1,1,2,5,Havened,Dryandra,6278ANHAA
567,13/10/2022,D2,DNWS,6518ANHAA,NA,W1826,W1827,M,NA,NA,S,5:56,9,2,2,2,1,1,0,0,0,NA,0,3,3,8,Havened,Dryandra,6518ANHAA
568,13/10/2022,D3,DNWS,6257ANHAA,NA,W1574,W1575,F,SUCKLING,20,A,6:43,9,2,2,2,2,1,0,0,0,0,2,3,5,9,Havened,Dryandra,6257ANHAA
569,13/10/2022,D4,DNWS,6282ANHAA,NA,W1334,W1335,M,NA,NA,A,5:58,16,0,1,0,0,0,0,1,1,NA,1,2,3,1,Havened,Dryandra,6282ANHAA
570,13/10/2022,D5,DNWS,6259ANHAA,NA,W1312,W1313,M,NA,NA,A,7:20,16,0,1,2,0,0,0,1,1,1,1,2,3,3,Havened,Dryandra,6259ANHAA
571,13/10/2022,D5,DNWS,6530ANHAA,9.56E+14,W1763,W1765,F,LAC_OSP,NA,A,7:20,16,0,1,2,0,0,0,1,1,1,0,2,2,3,Havened,Dryandra,6530ANHAA
572,13/10/2022,D7,DNWS,6549ANHAA,9.56E+14,W1768,W1769,M,NA,NA,A,6:28,8,1,1,1,1,0,0,0,0,NA,0,1,1,4,Havened,Dryandra,6549ANHAA
573,13/10/2022,D8,DNWS,6284ANHAA,NA,W1338,NA,M,NA,NA,A,8:00,8,0,0,1,1,1,0,0,0,NA,1,3,4,3,Havened,Dryandra,6284ANHAA
574,13/10/2022,E2,DNWS,6542ANHAA,9.56E+14,W1802,W1824,F,SUCKLING,60,A,7:48,9,2,2,2,1,1,1,0,0,NA,0,1,1,8,Havened,Dryandra,6542ANHAA
575,13/10/2022,E4,DNWS,6229ANHAA,9.56E+14,W1376,W1801,M,NA,NA,A,8:38,10,0,1,1,0,0,0,0,0,NA,3,3,6,2,Havened,Dryandra,6229ANHAA
576,13/10/2022,E5,DNWS,6522ANHAA,NA,W1605,NA,M,NA,NA,A,7:44,10,0,2,2,0,0,0,0,1,0,0,5,5,4,Havened,Dryandra,6522ANHAA
577,13/10/2022,E7,DNWS,5968ANHAA,NA,W0819,W0820,M,NA,NA,A,8:11,8,0,1,1,0,1,0,0,0,NA,3,3,6,3,Havened,Dryandra,5968ANHAA
578,13/10/2022,F1,DNWS,6244ANHAA,9.56E+14,W0940,W0941,F,SUC_LACA,20,A,8:38,9,1,2,1,2,2,0,0,0,0,1,3,4,8,Havened,Dryandra,6244ANHAA
579,13/10/2022,F2,DNWS,6534ANHAA,9.56E+14,W1811,W1844,M,NA,NA,J,7:39,9,1,1,1,1,1,0,0,0,NA,0,1,1,5,Havened,Dryandra,6534ANHAA
580,13/10/2022,F4,DNWS,6515ANHAA,9.56E+14,W1847,W1846,M,NA,NA,A,8:23,10,0,0,0,0,0,0,0,0,NA,0,2,2,0,Havened,Dryandra,6515ANHAA
581,13/10/2022,F5,DNWS,5977ANHAA,NA,W0768,W0769,M,NA,NA,A,7:54,10,1,2,1,0,1,1,1,1,NA,4,2,6,5,Havened,Dryandra,5977ANHAA
582,13/10/2022,F6,DNWS,6234ANHAA,NA,W1386,W1387,F,SUCKLING,80,A,8:28,8,0,0,0,0,1,0,1,0,0,3,2,5,1,Havened,Dryandra,6234ANHAA
583,13/10/2022,F7,DNWS,6235ANHAA,NA,W1396,W1397,M,NA,NA,A,8:35,8,1,2,2,1,1,0,0,0,NA,3,4,7,7,Havened,Dryandra,6235ANHAA
584,13/10/2022,F8,DNWS,6233ANHAA,9.56E+14,W1384,W1385,M,NA,NA,A,8:47,8,1,0,1,0,1,0,0,1,NA,2,1,3,3,Havened,Dryandra,6233ANHAA
585,13/10/2022,G2,DNWS,6541ANHAA,9.56E+14,W1550,W1806,M,NA,NA,S,7:30,9,2,2,2,1,1,1,0,1,NA,0,1,1,8,Havened,Dryandra,6541ANHAA
586,13/10/2022,G3,DNWS,6225ANHAA,9.56E+14,W0995,W0996,F,SUC_LACA,10,A,7:08,9,2,2,2,1,1,0,0,1,0,3,3,6,8,Havened,Dryandra,6225ANHAA
587,13/10/2022,G4,DNWS,5706ANHAA,NA,W0514,W0515,M,NA,NA,A,8:16,10,1,0,1,1,0,0,0,0,NA,7,4,11,3,Havened,Dryandra,5706ANHAA
588,13/10/2022,G6,DNWS,5565ANHAA,NA,DL2691,DL2692,M,NA,NA,A,8:59,8,1,1,1,1,1,1,0,0,NA,4,4,8,5,Havened,Dryandra,5565ANHAA
589,13/10/2022,G7,DNWS,6253ANHAA,NA,W1303,W1304,F,SUCKLING,50,A,9:11,10,3,1,1,0,0,0,0,0,0,2,3,5,5,Havened,Dryandra,6253ANHAA
590,13/10/2022,G8,DNWS,6250ANHAA,NA,W1320,W1321,M,NA,NA,S,9:25,10,1,0,1,0,0,0,0,0,NA,2,3,5,2,Havened,Dryandra,6250ANHAA
591,13/10/2022,H1,DNWS,6002ANHAA,9.56E+14,N8739,N8740,M,NA,NA,A,8:46,9,2,2,2,1,1,0,0,0,NA,3,4,7,8,Havened,Dryandra,6002ANHAA
592,13/10/2022,H2,DNWS,6507ANHAA,\956000014806182,W2105,W2106,F,SUCKLING,40,A,7:18,9,2,2,2,1,1,0,0,0,0,0,2,2,8,Havened,Dryandra,6507ANHAA
593,13/10/2022,H6,DNWS,5707ANHAA,NA,W0516,W0517,F,SUC_LACA,10,A,9:06,8,1,1,1,1,1,0,0,0,0,4,2,6,5,Havened,Dryandra,5707ANHAA
594,13/10/2022,H7,DNWS,6252ANHAA,NA,W1301,W1302,F,LAC_OSP,120,A,9:17,8,0,0,0,0,0,0,0,0,0,2,2,4,0,Havened,Dryandra,6252ANHAA
595,13/10/2022,H8,DNWS,6521ANHAA,NA,W1754,W1755,M,NA,NA,A,9:25,8,1,1,1,0,1,0,0,1,0,0,2,2,4,Havened,Dryandra,6521ANHAA
596,14/10/2022,A1,DNWS,6551ANHAA,NA,W1812,W1874,F,NA,NA,J,6:18,9,2,1,1,1,1,0,0,0,NA,0,1,1,6,Havened,Dryandra,6551ANHAA
597,14/10/2022,A2,DNWS,6267ANHAA,NA,W1562,W1563,F,SUCKLING,80,A,6:10,9,0,1,1,1,1,0,0,0,0,1,1,2,4,Havened,Dryandra,6267ANHAA
598,14/10/2022,A3,DNWS,6274ANHAA,NA,W1557,W1559,M,NA,NA,A,8:32,9,1,1,1,1,1,0,0,0,NA,1,2,3,5,Havened,Dryandra,6274ANHAA
599,14/10/2022,A4,DNWS,6217ANHAA,NA,W0978,W0979,F,LAC_OSP,NA,A,7:42,10,0,0,0,0,0,0,0,0,0,4,4,8,0,Havened,Dryandra,6217ANHAA
600,14/10/2022,A5,DNWS,5920ANHAA,NA,W0678,W0679,F,SUCKLING,90,A,7:54,10,0,0,1,0,0,0,0,0,0,5,2,7,1,Havened,Dryandra,5920ANHAA
601,14/10/2022,A7,DNWS,5701ANHAA,NA,N8724,N8725,F,SUCKLING,80,A,7:00,8,1,1,1,0,1,1,0,0,1,5,3,8,4,Havened,Dryandra,5701ANHAA
602,14/10/2022,A8,DNWS,6525ANHAA,NA,W1694,W1695,F,SUCKLING,30,A,7:12,8,1,1,1,0,1,0,0,0,0,0,2,2,4,Havened,Dryandra,6525ANHAA
603,14/10/2022,B1,DNWS,5945ANHAA,NA,W0831,W0832,M,NA,NA,A,6:24,9,1,2,1,1,1,0,0,0,NA,3,2,5,6,Havened,Dryandra,5945ANHAA
604,14/10/2022,B2,DNWS,5991ANHAA,NA,N8726,N8727,M,NA,NA,A,6:03,9,0,1,2,1,2,0,0,0,NA,2,1,3,6,Havened,Dryandra,5991ANHAA
605,14/10/2022,B4,DNWS,6218ANHAA,NA,W0980,W0981,M,NA,NA,A,7:36,10,3,2,1,2,1,0,0,0,NA,2,2,4,9,Havened,Dryandra,6218ANHAA
606,14/10/2022,B5,DNWS,6558ANHAA,9.56E+14,W2127,W2128,M,NA,NA,A,7:59,10,0,0,1,0,0,0,0,0,NA,0,1,1,1,Havened,Dryandra,6558ANHAA
607,14/10/2022,B6,DNWS,6539ANHAA,NA,W1773,W1774,M,NA,NA,A,5:45,10,0,1,1,0,0,0,0,0,NA,0,2,2,2,Havened,Dryandra,6539ANHAA
608,14/10/2022,B8,DNWS,6239ANHAA,NA,W0930,W0931,F,SUC_LACA,60,A,6:50,8,0,1,0,0,0,0,0,0,0,2,3,5,1,Havened,Dryandra,6239ANHAA
609,14/10/2022,C1,DNWS,6503ANHAA,NA,W1426,W1427,M,NA,NA,A,6:33,9,0,1,1,1,1,0,0,0,NA,0,3,3,4,Havened,Dryandra,6503ANHAA
610,14/10/2022,C2,DNWS,6240ANHAA,NA,W0932,W0933,M,NA,NA,A,5:57,9,0,1,1,1,1,0,0,0,NA,3,4,7,4,Havened,Dryandra,6240ANHAA
611,14/10/2022,C3,DNWS,6555ANHAA,9.56E+14,W1839,W1840,M,NA,NA,A,8:22,9,0,2,2,1,1,0,0,0,NA,0,1,1,6,Havened,Dryandra,6555ANHAA
612,14/10/2022,C4,DNWS,6238ANHAA,NA,W0928,W0929,F,SUCKLING,70,A,7:18,10,0,0,0,1,0,0,0,0,0,2,2,4,1,Havened,Dryandra,6238ANHAA
613,14/10/2022,C6,DNWS,6518ANHAA,NA,W1826,W1827,M,NA,NA,S,5:59,10,0,0,1,1,0,0,0,0,NA,0,4,4,2,Havened,Dryandra,6518ANHAA
614,14/10/2022,C7,DNWS,6249ANHAA,NA,W1390,W1391,F,NA,NA,A,6:12,8,0,1,1,1,1,0,1,0,0,3,2,5,4,Havened,Dryandra,6249ANHAA
615,14/10/2022,C8,DNWS,NA,9.56E+14,W1692,W1693,F,SUCKLING,40,A,6:28,8,0,1,1,1,1,0,0,0,0,0,15,15,4,Havened,Dryandra,9.56E+14
616,14/10/2022,D1,DNWS,5596ANHAA,NA,W0324,W0988,F,SUCKLING,40,A,6:41,9,3,2,1,1,1,0,0,1,0,12,2,14,8,Havened,Dryandra,5596ANHAA
617,14/10/2022,D2,DNWS,NA,9.56E+14,W1804,W1821,M,NA,NA,A,5:45,9,0,2,2,1,1,0,0,0,NA,0,15,15,6,Havened,Dryandra,9.56E+14
618,14/10/2022,D4,DNWS,6557ANHAA,NA,W2147,W2148,M,NA,NA,J,7:08,10,0,2,1,0,0,0,0,0,NA,0,1,1,3,Havened,Dryandra,6557ANHAA
619,14/10/2022,D5,DNWS,6265ANHAA,NA,W1501,W1502,F,SUC_LACA,30,A,6:04,10,1,1,1,1,1,1,1,0,0,2,4,6,5,Havened,Dryandra,6265ANHAA
620,14/10/2022,D6,DNWS,6560ANHAA,NA,W1726,W1727,M,NA,NA,S,5:46,8,0,0,1,1,1,0,0,0,NA,0,1,1,3,Havened,Dryandra,6560ANHAA
621,14/10/2022,D7,DNWS,6561ANHAA,9.56E+14,W1728,W1729,F,SUCKLING,10,A,5:55,8,0,1,1,0,1,0,0,0,0,0,1,1,3,Havened,Dryandra,6561ANHAA
622,14/10/2022,D8,DNWS,5943ANHAA,NA,W0828,W0852,F,SUCKLING,80,A,7:27,8,0,0,1,0,1,0,0,0,0,1,2,3,2,Havened,Dryandra,5943ANHAA
623,14/10/2022,E1,DNWS,6506ANHAA,NA,W2103,W2104,M,NA,NA,S,6:53,9,1,2,2,2,2,0,0,0,NA,0,2,2,9,Havened,Dryandra,6506ANHAA
624,14/10/2022,E2,DNWS,6536ANHAA,NA,W1832,W1833,F,SUC_LACA,10,A,8:09,9,1,1,1,1,1,0,0,0,NA,0,2,2,5,Havened,Dryandra,6536ANHAA
625,14/10/2022,E4,DNWS,5706ANHAA,NA,W0514,W0515,M,NA,NA,A,7:03,10,0,1,0,0,0,0,0,0,NA,7,5,12,1,Havened,Dryandra,5706ANHAA
626,14/10/2022,E5,DNWS,6515ANHAA,NA,W1847,W1846,M,NA,NA,A,6:12,10,0,0,1,0,0,0,0,0,NA,0,3,3,1,Havened,Dryandra,6515ANHAA
627,14/10/2022,E6,DNWS,6286ANHAA,NA,W1342,W1343,M,NA,NA,A,8:30,10,0,2,0,0,0,0,0,0,NA,1,1,2,2,Havened,Dryandra,6286ANHAA
628,14/10/2022,E7,DNWS,5944ANHAA,NA,W0829,W0830,F,LAC_OSP,100,A,7:37,8,0,1,1,1,0,0,1,0,1,5,3,8,3,Havened,Dryandra,5944ANHAA
629,14/10/2022,E8,DNWS,6527ANHAA,NA,W1756,W1757,M,NA,NA,S,7:50,8,1,2,1,0,0,0,1,0,NA,0,3,3,4,Havened,Dryandra,6527ANHAA
630,14/10/2022,F1,DNWS,6002ANHAA,NA,N8739,N8740,M,NA,NA,A,6:59,9,1,2,2,1,1,0,0,0,NA,3,5,8,7,Havened,Dryandra,6002ANHAA
631,14/10/2022,F2,DNWS,6511ANHAA,NA,W2124,W2125,M,NA,NA,A,7:43,9,1,2,2,1,1,0,0,0,NA,0,3,3,7,Havened,Dryandra,6511ANHAA
632,14/10/2022,F3,DNWS,6553ANHAA,9.56E+14,W1834,W1835,M,NA,NA,A,7:52,9,2,2,1,1,1,0,0,0,NA,0,1,1,7,Havened,Dryandra,6553ANHAA
633,14/10/2022,F4,DNWS,6225ANHAA,NA,W0995,W0996,F,SUC_LACA,20,A,6:23,10,2,2,1,1,1,1,1,0,0,3,4,7,7,Havened,Dryandra,6225ANHAA
634,14/10/2022,F5,DNWS,6556ANHAA,NA,W2149,W2150,M,NA,NA,S,6:32,10,0,1,1,0,1,0,1,1,NA,0,1,1,3,Havened,Dryandra,6556ANHAA
635,14/10/2022,F6,DNWS,6538ANHAA,NA,W2115,W2116,F,SUCKLING,30,A,8:00,8,0,0,0,0,0,0,0,0,0,0,2,2,0,Havened,Dryandra,6538ANHAA
636,14/10/2022,F7,DNWS,5977ANHAA,NA,W0768,W0769,M,NA,NA,A,8:12,8,2,2,2,1,1,1,1,0,NA,4,3,7,8,Havened,Dryandra,5977ANHAA
637,14/10/2022,F8,DNWS,6250ANHAA,NA,W1320,W1321,M,NA,NA,S,8:25,8,2,1,0,1,1,0,0,0,NA,2,4,6,5,Havened,Dryandra,6250ANHAA
638,14/10/2022,G2,DNWS,NA,9.56E+14,W1811,W1844,M,NA,NA,J,7:38,9,1,1,1,1,1,0,0,0,NA,0,15,15,5,Havened,Dryandra,9.56E+14
639,14/10/2022,G3,DNWS,6541ANHAA,NA,W1550,W1806,M,NA,NA,A,7:30,9,1,1,1,2,1,0,0,0,NA,0,2,2,6,Havened,Dryandra,6541ANHAA
640,14/10/2022,G4,DNWS,6512ANHAA,NA,W2120,W2121,F,SUC_LACA,10,A,6:50,10,0,0,0,0,1,0,0,1,0,0,3,3,1,Havened,Dryandra,6512ANHAA
641,14/10/2022,G6,DNWS,6520ANHAA,NA,W1751,W1752,M,NA,NA,A,8:41,10,0,2,1,0,0,0,0,0,NA,0,2,2,3,Havened,Dryandra,6520ANHAA
642,14/10/2022,G7,DNWS,6233ANHAA,NA,W1384,W1385,M,NA,NA,A,8:52,10,1,0,1,0,0,0,0,0,NA,2,2,4,2,Havened,Dryandra,6233ANHAA
643,14/10/2022,G8,DNWS,6559ANHAA,NA,W2129,W2130,M,NA,NA,A,8:57,10,0,0,1,0,0,0,0,0,NA,0,1,1,1,Havened,Dryandra,6559ANHAA
644,14/10/2022,H1,DNWS,6552ANHAA,9.56E+14,W1803,W1842,M,NA,NA,S,7:07,9,0,2,2,1,2,1,0,0,NA,0,1,1,7,Havened,Dryandra,6552ANHAA
645,14/10/2022,H2,DNWS,6243ANHAA,NA,W0938,W0939,M,NA,NA,A,7:19,9,2,2,2,1,3,0,1,0,NA,2,2,4,10,Havened,Dryandra,6243ANHAA
646,14/10/2022,H7,DNWS,6252ANHAA,NA,W1301,W1302,F,LAC_OSP,120,A,8:41,8,0,1,0,0,1,0,0,0,0,2,3,5,2,Havened,Dryandra,6252ANHAA
647,14/10/2022,H8,DNWS,6254ANHAA,NA,W1305,W1753,M,NA,NA,A,8:51,8,1,2,1,1,1,0,1,1,NA,2,2,4,6,Havened,Dryandra,6254ANHAA
648,20/10/2022,VN13A,VN,NA,9.56E+14,W1893,W1894,F,SUCKLING,10,A,6:05,9,0,1,1,1,1,0,0,0,0,0,95,95,4,Non-havened,Dryandra,9.56E+14
649,20/10/2022,VN17B,VN,NA,9.56E+14,W1895,W1896,M,NA,NA,A,6:29,13,3,2,2,2,2,0,1,0,NA,0,95,95,11,Non-havened,Dryandra,9.56E+14
650,20/10/2022,VN18A,VN,NA,9.56E+14,W1897,W1898,F,SUCKLING,30,A,6:35,9,1,2,2,1,2,0,0,0,0,0,95,95,8,Non-havened,Dryandra,9.56E+14
651,20/10/2022,VN23A,VN,NA,9.56E+14,W2325,W2326,M,NA,NA,A,6:55,9,1,2,2,1,1,0,0,1,NA,0,95,95,7,Non-havened,Dryandra,9.56E+14
652,19/10/2022,VE01B,VE,NA,9.56E+14,W1879,W1880,M,NA,NA,A,5:40,13,2,1,1,1,1,0,0,1,NA,0,79,79,6,Non-havened,Dryandra,9.56E+14
653,19/10/2022,VE02B,VE,NA,9.56E+14,W1881,W1882,F,SUCKLING,20,A,5:50,13,1,2,2,1,1,0,0,0,0,0,79,79,7,Non-havened,Dryandra,9.56E+14
654,19/10/2022,VE06A,VE,NA,9.56E+14,W1863,W1864,F,SUCKLING,120,A,6:07,9,0,0,1,1,2,0,0,0,0,0,79,79,4,Non-havened,Dryandra,9.56E+14
655,19/10/2022,VE06B,VE,NA,9.56E+14,W1883,W1883,M,NA,NA,A,6:15,13,1,2,1,1,1,0,0,0,NA,0,79,79,6,Non-havened,Dryandra,9.56E+14
656,19/10/2022,VE08B,VE,NA,9.56E+14,W1869,W1871,F,SUCKLING,100,A,6:28,13,1,1,1,1,1,0,0,0,0,0,79,79,5,Non-havened,Dryandra,9.56E+14
657,19/10/2022,VE09B,VE,NA,9.56E+14,W1885,W1886,M,NA,NA,A,6:38,13,1,1,1,1,1,0,0,0,NA,0,79,79,5,Non-havened,Dryandra,9.56E+14
658,19/10/2022,VE11A,VE,NA,9.56E+14,W1887,W1888,M,NA,NA,A,7:00,9,1,1,2,2,2,1,0,1,NA,0,79,79,8,Non-havened,Dryandra,9.56E+14
659,19/10/2022,LOL30A,LOL,NA,9.56E+14,W1889,W1890,M,NA,NA,A,7:06,9,0,1,2,2,1,0,0,0,NA,0,79,79,6,Non-havened,Dryandra,9.56E+14
660,19/10/2022,LOL25A,LOL,NA,9.56E+14,W0180,N8977,M,NA,NA,A,7:26,9,0,1,1,1,1,0,0,0,NA,0,79,79,4,Non-havened,Dryandra,9.56E+14
661,19/10/2022,LOL25B,LOL,NA,9.56E+14,W1891,W1892,M,NA,NA,A,7:28,13,1,1,1,2,1,0,0,0,NA,0,79,79,6,Non-havened,Dryandra,9.56E+14
662,19/10/2022,LOL21B,LOL,NA,9.56E+14,N8628,N8629,F,SUCKLING,20,A,7:41,13,0,0,2,1,1,0,0,0,0,0,79,79,4,Non-havened,Dryandra,9.56E+14
663,19/10/2022,LOL20B,LOL,NA,9.56E+14,N8755,N8756,M,NA,NA,A,8:00,13,1,1,1,1,1,0,0,0,NA,0,79,79,5,Non-havened,Dryandra,9.56E+14
664,19/10/2022,LOL18A,LOL,NA,NA,NA,NA,M,NA,NA,A,8:00,9,0,1,1,1,1,0,0,0,0,0,79,79,4,Non-havened,Dryandra,NA
665,18/10/2022,LOL30A,LOL,NA,9.56E+14,W1868,W1867,F,SUCKLING,40,A,7:48,13,1,1,1,1,1,0,1,0,0,0,48,48,5,Non-havened,Dryandra,9.56E+14
666,18/10/2022,LOL25B,LOL,NA,9.56E+14,W0189,W0190,F,SUCKLING,NA,A,8:00,13,1,1,1,1,1,0,0,0,0,0,48,48,5,Non-havened,Dryandra,9.56E+14
667,18/10/2022,LOL24A,LOL,NA,9.56E+14,W1877,W1878,F,SUCKLING,NA,A,8:04,9,1,1,1,2,1,0,0,0,0,0,48,48,6,Non-havened,Dryandra,9.56E+14
668,18/10/2022,LOL24B,LOL,NA,9.56E+14,W0187,W0188,M,NA,NA,A,8:04,13,2,1,1,1,1,0,0,0,NA,0,48,48,6,Non-havened,Dryandra,9.56E+14
669,18/10/2022,LOL32B,LOL,NA,9.56E+14,W1866,W1867,M,NA,NA,A,7:30,13,1,1,1,1,1,0,0,0,NA,0,48,48,5,Non-havened,Dryandra,9.56E+14
670,20/10/2022,VS13A,VS,NA,9.56E+14,W1983,W1984,M,NA,NA,A,6:35,8,0,1,1,1,0,0,0,1,NA,0,95,95,3,Non-havened,Dryandra,9.56E+14
671,20/10/2022,VS01B,VS,NA,9.56E+14,W1977,W1978,F,SUCKLING,55,A,5:25,8,1,1,1,1,1,0,0,0,0,0,95,95,5,Non-havened,Dryandra,9.56E+14
672,20/10/2022,VS05B,VS,NA,9.56E+14,W1979,W1980,F,SUCKLING,10,A,5:47,8,0,0,0,0,1,0,0,0,0,0,95,95,1,Non-havened,Dryandra,9.56E+14
673,20/10/2022,VS11B,VS,NA,9.56E+14,W1981,W1982,M,NA,NA,A,6:19,8,0,1,1,1,0,0,1,0,NA,0,95,95,3,Non-havened,Dryandra,9.56E+14
674,19/10/2022,VW13B,VW,NA,9.56E+14,W1701,W1702,F,SUCKLING,20,A,7:30,8,1,1,1,1,1,0,0,0,0,0,79,79,5,Non-havened,Dryandra,9.56E+14
675,19/10/2022,VW14B,VW,NA,9.56E+14,W1790,W1791,M,NA,NA,A,7:46,8,1,2,1,1,1,0,0,0,NA,0,79,79,6,Non-havened,Dryandra,9.56E+14
676,19/10/2022,VW15A,VW,NA,9.56E+14,W1795,W1796,M,NA,NA,A,7:56,8,0,1,1,2,1,1,1,0,NA,0,79,79,5,Non-havened,Dryandra,9.56E+14
677,19/10/2022,VW15B,VW,NA,9.56E+14,W1793,W1794,M,NA,NA,A,7:56,8,0,0,1,1,1,0,1,0,NA,0,79,79,3,Non-havened,Dryandra,9.56E+14
678,19/10/2022,VW17A,VW,NA,9.56E+14,W1799,W1800,F,SUCKLING,120,A,8:12,8,0,1,1,1,1,0,0,0,1,0,79,79,4,Non-havened,Dryandra,9.56E+14
679,19/10/2022,VW17B,VW,NA,9.56E+14,W1797,W1798,M,NA,NA,A,8:12,8,0,1,1,1,1,0,1,0,NA,0,79,79,4,Non-havened,Dryandra,9.56E+14
680,19/10/2022,VW18B,VW,NA,9.56E+14,W1374,W1399,F,SUCKLING,10,A,8:33,8,2,2,1,1,0,0,0,0,0,0,79,79,6,Non-havened,Dryandra,9.56E+14
681,19/10/2022,VW02A,VW,NA,9.56E+14,W1722,W1723,M,NA,NA,S,5:50,8,0,1,1,1,0,0,0,0,NA,0,79,79,3,Non-havened,Dryandra,9.56E+14
682,19/10/2022,VW02B,VW,NA,9.56E+14,W1720,W1721,M,NA,NA,S,5:45,8,1,1,1,1,0,0,0,0,NA,0,79,79,4,Non-havened,Dryandra,9.56E+14
683,19/10/2022,VW03B,VW,NA,9.56E+14,W1724,W1725,F,SUCKLING,48,A,5:56,8,0,1,0,0,0,0,0,0,0,0,79,79,1,Non-havened,Dryandra,9.56E+14
684,19/10/2022,VW04A,VW,NA,9.56E+14,W1776,W1777,M,NA,NA,A,6:14,8,1,1,1,1,0,0,1,0,NA,0,79,79,4,Non-havened,Dryandra,9.56E+14
685,19/10/2022,VW07B,VW,NA,9.56E+14,W1778,W1779,F,NA,70,A,6:29,8,0,1,1,1,0,1,1,0,0,0,79,79,3,Non-havened,Dryandra,9.56E+14
686,19/10/2022,VW08B,VW,NA,9.56E+14,W1780,W1781,F,P,NA,A,6:35,8,1,1,1,1,0,0,1,0,NA,0,79,79,4,Non-havened,Dryandra,9.56E+14
687,19/10/2022,VW09A,VW,NA,9.56E+14,N9991,N9992,M,NA,NA,A,6:53,8,1,1,1,1,0,0,0,0,NA,0,79,79,4,Non-havened,Dryandra,9.56E+14
688,19/10/2022,VW09B,VW,NA,9.56E+14,W1782,W1783,F,SUCKLING,70,A,6:47,8,1,2,2,1,1,0,1,0,0,0,79,79,7,Non-havened,Dryandra,9.56E+14
689,19/10/2022,VW10A,VW,NA,9.56E+14,W1784,W1785,M,NA,NA,A,7:01,8,0,0,0,0,1,1,1,0,NA,0,79,79,1,Non-havened,Dryandra,9.56E+14
690,19/10/2022,VW11B,VW,NA,9.56E+14,W1786,W1787,M,NA,NA,A,7:10,8,1,2,1,1,1,0,1,0,NA,0,79,79,6,Non-havened,Dryandra,9.56E+14
691,19/10/2022,VW12B,VW,NA,9.56E+14,W1788,W1789,M,NA,NA,A,7:20,8,0,0,1,1,2,1,1,0,NA,0,79,79,4,Non-havened,Dryandra,9.56E+14
692,18/10/2022,VW01A,VW,NA,9.56E+14,W1730,W1731,M,NA,NA,A,5:47,8,1,2,2,1,1,0,1,0,NA,0,48,48,7,Non-havened,Dryandra,9.56E+14
693,18/10/2022,VW01B,VW,NA,9.56E+14,W1732,W1733,F,LAC_OSP,NA,A,5:58,8,1,1,1,1,1,0,1,0,0,0,48,48,5,Non-havened,Dryandra,9.56E+14
694,18/10/2022,VW02A,VW,NA,9.56E+14,W1734,W1735,F,SUCKLING,40,A,6:10,8,1,1,1,1,1,0,0,0,0,0,48,48,5,Non-havened,Dryandra,9.56E+14
695,18/10/2022,VW02B,VW,NA,9.56E+14,W1736,W1737,M,NA,NA,A,6:18,8,1,1,1,2,1,0,0,0,NA,0,48,48,6,Non-havened,Dryandra,9.56E+14
696,18/10/2022,VW04B,VW,NA,9.56E+14,W1740,W1741,M,NA,NA,A,6:40,8,3,3,2,1,1,0,0,1,NA,0,48,48,10,Non-havened,Dryandra,9.56E+14
697,18/10/2022,VW04A,VW,NA,9.56E+14,W1738,W1739,F,SUCKLING,80,A,6:34,8,2,2,1,1,1,1,1,0,1,0,48,48,7,Non-havened,Dryandra,9.56E+14
698,18/10/2022,VW06B,VW,NA,9.56E+14,W1742,W1743,M,NA,NA,A,6:57,8,0,1,1,1,1,0,1,0,NA,0,48,48,4,Non-havened,Dryandra,9.56E+14
699,18/10/2022,VW07B,VW,NA,9.56E+14,W1744,W1745,M,NA,NA,S,7:06,8,0,0,1,0,1,1,1,0,NA,0,48,48,2,Non-havened,Dryandra,9.56E+14
700,18/10/2022,VW07A,VW,NA,9.56E+14,W1746,W1747,F,SUCKLING,40,A,7:11,8,0,1,1,1,1,0,0,0,0,0,48,48,4,Non-havened,Dryandra,9.56E+14
701,18/10/2022,VW08B,VW,NA,9.56E+14,N9991,N9992,M,NA,NA,A,7:20,8,0,1,1,1,1,0,0,0,NA,0,48,48,4,Non-havened,Dryandra,9.56E+14
702,18/10/2022,VW10B,VW,NA,9.56E+14,W1748,W0341,M,NA,NA,A,7:29,8,2,2,2,1,1,0,1,0,NA,0,48,48,8,Non-havened,Dryandra,9.56E+14
703,18/10/2022,VW11B,VW,NA,9.56E+14,W1749,W1750,M,NA,NA,A,7:40,8,1,1,1,1,1,0,1,0,NA,0,48,48,5,Non-havened,Dryandra,9.56E+14
704,18/10/2022,VW12A,VW,NA,9.56E+14,W1701,W1702,F,SUCKLING,20,A,7:51,8,0,1,1,1,2,1,1,0,0,0,48,48,5,Non-havened,Dryandra,9.56E+14
705,18/10/2022,VW01A,VW,NA,9.56E+14,W1730,W1731,M,NA,NA,A,5:47,8,1,2,2,1,1,0,1,0,NA,0,48,48,7,Non-havened,Dryandra,9.56E+14
706,18/10/2022,VW01B,VW,NA,9.56E+14,W1732,W1733,F,LAC_OSP,NA,A,5:58,8,1,1,1,1,1,0,1,0,0,0,48,48,5,Non-havened,Dryandra,9.56E+14
707,18/10/2022,VW02A,VW,NA,9.56E+14,W1734,W1735,F,SUCKLING,40,A,6:10,8,1,1,1,1,1,0,0,0,0,0,48,48,5,Non-havened,Dryandra,9.56E+14
708,18/10/2022,VW02B,VW,NA,9.56E+14,W1736,W1737,M,NA,NA,A,6:18,8,1,1,1,2,1,0,0,0,NA,0,48,48,6,Non-havened,Dryandra,9.56E+14
709,18/10/2022,VW04A,VW,NA,9.56E+14,W1740,W1741,M,NA,NA,A,6:34,8,2,2,1,1,1,1,1,0,1,0,48,48,7,Non-havened,Dryandra,9.56E+14
710,18/10/2022,VW04B,VW,NA,9.56E+14,W1738,W1739,F,SUCKLING,90,A,6:40,8,3,3,2,1,1,0,0,1,NA,0,48,48,10,Non-havened,Dryandra,9.56E+14
711,18/10/2022,VW14B,VW,NA,9.56E+14,W1703,W1704,M,NA,NA,A,8:11,8,0,0,1,1,1,0,0,0,NA,0,48,48,3,Non-havened,Dryandra,9.56E+14
712,18/10/2022,VW14A,VW,NA,9.56E+14,W1705,W1706,M,NA,NA,S,8:17,8,0,1,1,1,1,0,0,0,NA,0,48,48,4,Non-havened,Dryandra,9.56E+14
713,18/10/2022,VW15B,VW,NA,9.56E+14,W1707,W1708,F,SUCKLING,20,A,8:23,8,3,3,2,1,1,0,1,0,0,0,48,48,10,Non-havened,Dryandra,9.56E+14
714,18/10/2022,VW15A,VW,NA,9.56E+14,W1709,W1710,F,SUCKLING,5,A,8:30,8,0,1,1,1,1,1,0,0,0,0,48,48,4,Non-havened,Dryandra,9.56E+14
715,18/10/2022,VW16A,VW,NA,9.56E+14,W1711,W1712,M,NA,NA,A,8:38,8,1,1,1,1,1,1,0,0,NA,0,48,48,5,Non-havened,Dryandra,9.56E+14
716,18/10/2022,VW17B,VW,NA,9.56E+14,W1713,W1714,F,SUCKLING,40,A,8:47,8,0,0,1,0,1,0,0,0,0,0,48,48,2,Non-havened,Dryandra,9.56E+14
717,18/10/2022,VW17A,VW,NA,9.56E+14,W1715,W1716,M,NA,NA,A,8:55,8,0,1,1,1,1,0,1,0,NA,0,48,48,4,Non-havened,Dryandra,9.56E+14
718,18/10/2022,VW18B,VW,NA,9.56E+14,W1717,W1255,M,NA,NA,A,9:05,8,1,1,1,1,1,0,1,0,NA,0,48,48,5,Non-havened,Dryandra,9.56E+14
719,18/10/2022,VW18A,VW,NA,9.56E+14,W1718,W1719,M,NA,NA,A,9:11,8,1,1,1,1,1,1,0,0,NA,0,48,48,5,Non-havened,Dryandra,9.56E+14
