"","Date.x","Population","TrapAvailability","AnimalID","Trap","Captured","MeanScore","Sex","Age","Date.y","Total_prev_caps"
"1","2022-03-29","Boyicup",0.101,"19420ANEAA","BOY12",1,13,"F","A","2022-03-29",1
"2","2022-03-29","Boyicup",0.101,"18921ANEAA","BOY13",1,10,"M","A","2022-03-29",2
"3","2022-03-29","Boyicup",0.101,"18457ANEAA","BOY14",1,11,"M","A","2022-03-29",3
"4","2022-03-29","Boyicup",0.101,"19417ANEAA","BOY16",1,12,"M","A","2022-03-29",1
"5","2022-03-29","Boyicup",0.101,"18904ANEAA","BOY17",1,10,"F","A","2022-03-29",2
"6","2022-03-29","Boyicup",0.101,"19416ANEAA","BOY19",1,11,"M","A","2022-03-29",1
"7","2022-03-29","Boyicup",0.101,"19415ANEAA","BOY20",1,11,"F","A","2022-03-29",1
"8","2022-03-29","Boyicup",0.101,"16788ANEAA","BOY23",1,9,"F","A","2022-03-29",12
"9","2022-03-29","Boyicup",0.101,"17432ANEAA","BOY24",1,8.66666666666667,"F","A","2022-03-29",9
"10","2022-03-29","Boyicup",0.101,"16758ANEAA","BOY25",1,12,"F","A","2022-03-29",6
"11","2022-03-29","Boyicup",0.101,"17654ANEAA","BOY29",1,7,"F","A","2022-03-29",6
"12","2022-03-29","Boyicup",0.101,"19421ANEAA","BOY30",1,9,"M","A","2022-03-29",1
"13","2022-03-29","Boyicup",0.101,"18447ANEAA","BOY36",1,5,"M","A","2022-03-29",4
"14","2022-03-29","Boyicup",0.101,"19413ANEAA","BOY44",1,1,"F","A","2022-03-29",1
"15","2022-03-29","Boyicup",0.101,"18872ANEAA","BOY48",1,9,"F","A","2022-03-29",2
"16","2022-03-29","Boyicup",0.101,"19414ANEAA","BOY49",1,12,"M","A","2022-03-29",1
"17","2022-03-30","Boyicup",0.101,"19420ANEAA",NA,0,13,"F","A","2022-03-29",1
"18","2022-03-30","Boyicup",0.101,"18921ANEAA",NA,0,10,"M","A","2022-03-29",2
"19","2022-03-30","Boyicup",0.101,"18457ANEAA",NA,0,11,"M","A","2022-03-29",3
"20","2022-03-30","Boyicup",0.101,"19417ANEAA",NA,0,12,"M","A","2022-03-29",1
"21","2022-03-30","Boyicup",0.101,"18904ANEAA",NA,0,10,"F","A","2022-03-29",2
"22","2022-03-30","Boyicup",0.101,"19416ANEAA",NA,0,11,"M","A","2022-03-29",1
"23","2022-03-30","Boyicup",0.101,"19415ANEAA",NA,0,11,"F","A","2022-03-29",1
"24","2022-03-30","Boyicup",0.101,"16788ANEAA","BOY22",1,9,"F","A","2022-03-30",13
"25","2022-03-30","Boyicup",0.101,"17432ANEAA","BOY23",1,8.66666666666667,"F","A","2022-03-30",10
"26","2022-03-30","Boyicup",0.101,"16758ANEAA",NA,0,12,"F","A","2022-03-29",6
"27","2022-03-30","Boyicup",0.101,"17654ANEAA","BOY29",1,7,"F","A","2022-03-30",7
"28","2022-03-30","Boyicup",0.101,"19421ANEAA",NA,0,9,"M","A","2022-03-29",1
"29","2022-03-30","Boyicup",0.101,"18447ANEAA",NA,0,5,"M","A","2022-03-29",4
"30","2022-03-30","Boyicup",0.101,"19413ANEAA",NA,0,1,"F","A","2022-03-29",1
"31","2022-03-30","Boyicup",0.101,"18872ANEAA",NA,0,9,"F","A","2022-03-29",2
"32","2022-03-30","Boyicup",0.101,"19414ANEAA",NA,0,12,"M","A","2022-03-29",1
"33","2022-03-30","Boyicup",0.101,"17431ANEAA","BOY15",1,5.5,"F","A","2022-03-30",9
"34","2022-03-30","Boyicup",0.101,"19428ANEAA","BOY16",1,2,"M","A","2022-03-30",1
"35","2022-03-30","Boyicup",0.101,"19429ANEAA","BOY17",1,8,"M","A","2022-03-30",1
"36","2022-03-30","Boyicup",0.101,"17676ANEAA","BOY19",1,6,"F","A","2022-03-30",9
"37","2022-03-30","Boyicup",0.101,"17648ANEAA","BOY20",1,11,"M","A","2022-03-30",6
"38","2022-03-30","Boyicup",0.101,"19432ANEAA","BOY28",1,7,"F","A","2022-03-30",1
"39","2022-03-30","Boyicup",0.101,"18909ANEAA","BOY32",1,4,"F","A","2022-03-30",2
"40","2022-03-30","Boyicup",0.101,"19431ANEAA","BOY33",1,5,"M","S","2022-03-30",1
"41","2022-03-30","Boyicup",0.101,"18930ANEAA","BOY35",1,9,"F","A","2022-03-30",2
"42","2022-03-30","Boyicup",0.101,"18875ANEAA","BOY37",1,6,"M","A","2022-03-30",2
"43","2022-03-30","Boyicup",0.101,"17652ANEAA","BOY38",1,13,"M","A","2022-03-30",5
"44","2022-03-30","Boyicup",0.101,"18908ANEAA","BOY39",1,10.5,"M","A","2022-03-30",3
"45","2022-03-30","Boyicup",0.101,"18890ANEAA","BOY42",1,15,"M","A","2022-03-30",2
"46","2022-03-30","Boyicup",0.101,"19422ANEAA","BOY45",1,7,"F","A","2022-03-30",1
"47","2022-03-30","Boyicup",0.101,"19423ANEAA","BOY46",1,13,"M","A","2022-03-30",1
"48","2022-03-30","Boyicup",0.101,"19424ANEAA","BOY48",1,8,"M","A","2022-03-30",1
"49","2022-03-30","Boyicup",0.101,"956000014801754","BOY49",1,12,"F","A","2022-03-30",655
"50","2022-03-30","Boyicup",0.101,"19425ANEAA","BOY50",1,12,"M","A","2022-03-30",1
"51","2022-03-31","Boyicup",0.101,"19420ANEAA",NA,0,13,"F","A","2022-03-29",1
"52","2022-03-31","Boyicup",0.101,"18921ANEAA",NA,0,10,"M","A","2022-03-29",2
"53","2022-03-31","Boyicup",0.101,"18457ANEAA",NA,0,11,"M","A","2022-03-29",3
"54","2022-03-31","Boyicup",0.101,"19417ANEAA",NA,0,12,"M","A","2022-03-29",1
"55","2022-03-31","Boyicup",0.101,"18904ANEAA",NA,0,10,"F","A","2022-03-29",2
"56","2022-03-31","Boyicup",0.101,"19416ANEAA","BOY18",1,11,"M","A","2022-03-31",2
"57","2022-03-31","Boyicup",0.101,"19415ANEAA",NA,0,11,"F","A","2022-03-29",1
"58","2022-03-31","Boyicup",0.101,"16788ANEAA",NA,0,9,"F","A","2022-03-30",13
"59","2022-03-31","Boyicup",0.101,"17432ANEAA",NA,0,8.66666666666667,"F","A","2022-03-30",10
"60","2022-03-31","Boyicup",0.101,"16758ANEAA",NA,0,12,"F","A","2022-03-29",6
"61","2022-03-31","Boyicup",0.101,"17654ANEAA","BOY28",1,7,"F","A","2022-03-31",8
"62","2022-03-31","Boyicup",0.101,"19421ANEAA",NA,0,9,"M","A","2022-03-29",1
"63","2022-03-31","Boyicup",0.101,"18447ANEAA",NA,0,5,"M","A","2022-03-29",4
"64","2022-03-31","Boyicup",0.101,"19413ANEAA",NA,0,1,"F","A","2022-03-29",1
"65","2022-03-31","Boyicup",0.101,"18872ANEAA",NA,0,9,"F","A","2022-03-29",2
"66","2022-03-31","Boyicup",0.101,"19414ANEAA",NA,0,12,"M","A","2022-03-29",1
"67","2022-03-31","Boyicup",0.101,"17431ANEAA",NA,0,5.5,"F","A","2022-03-30",9
"68","2022-03-31","Boyicup",0.101,"19428ANEAA",NA,0,2,"M","A","2022-03-30",1
"69","2022-03-31","Boyicup",0.101,"19429ANEAA",NA,0,8,"M","A","2022-03-30",1
"70","2022-03-31","Boyicup",0.101,"17676ANEAA",NA,0,6,"F","A","2022-03-30",9
"71","2022-03-31","Boyicup",0.101,"17648ANEAA",NA,0,11,"M","A","2022-03-30",6
"72","2022-03-31","Boyicup",0.101,"19432ANEAA",NA,0,7,"F","A","2022-03-30",1
"73","2022-03-31","Boyicup",0.101,"18909ANEAA",NA,0,4,"F","A","2022-03-30",2
"74","2022-03-31","Boyicup",0.101,"19431ANEAA",NA,0,5,"M","S","2022-03-30",1
"75","2022-03-31","Boyicup",0.101,"18930ANEAA","BOY36",1,9,"F","A","2022-03-31",3
"76","2022-03-31","Boyicup",0.101,"18875ANEAA",NA,0,6,"M","A","2022-03-30",2
"77","2022-03-31","Boyicup",0.101,"17652ANEAA",NA,0,13,"M","A","2022-03-30",5
"78","2022-03-31","Boyicup",0.101,"18908ANEAA","BOY38",1,10.5,"M","A","2022-03-31",4
"79","2022-03-31","Boyicup",0.101,"18890ANEAA",NA,0,15,"M","A","2022-03-30",2
"80","2022-03-31","Boyicup",0.101,"19422ANEAA",NA,0,7,"F","A","2022-03-30",1
"81","2022-03-31","Boyicup",0.101,"19423ANEAA",NA,0,13,"M","A","2022-03-30",1
"82","2022-03-31","Boyicup",0.101,"19424ANEAA",NA,0,8,"M","A","2022-03-30",1
"83","2022-03-31","Boyicup",0.101,"956000014801754",NA,0,12,"F","A","2022-03-30",655
"84","2022-03-31","Boyicup",0.101,"19425ANEAA",NA,0,12,"M","A","2022-03-30",1
"85","2022-03-31","Boyicup",0.101,"17660ANEAA","BOY12",1,9,"M","A","2022-03-31",3
"86","2022-03-31","Boyicup",0.101,"18922ANEAA","BOY15",1,9,"M","A","2022-03-31",2
"87","2022-03-31","Boyicup",0.101,"18912ANEAA","BOY21",1,11,"F","A","2022-03-31",2
"88","2022-03-31","Boyicup",0.101,"19437ANEAA","BOY24",1,13,"F","A","2022-03-31",1
"89","2022-03-31","Boyicup",0.101,"18911ANEAA","BOY26",1,13,"M","A","2022-03-31",2
"90","2022-03-31","Boyicup",0.101,"18450ANEAA","BOY27",1,11,"F","A","2022-03-31",3
"91","2022-03-31","Boyicup",0.101,"19443ANEAA","BOY29",1,4,"M","A","2022-03-31",1
"92","2022-03-31","Boyicup",0.101,"19442ANEAA","BOY30",1,7,"M","A","2022-03-31",1
"93","2022-03-31","Boyicup",0.101,"17450ANEAA","BOY31",1,1,"F","A","2022-03-31",6
"94","2022-03-31","Boyicup",0.101,"18932ANEAA","BOY32",1,2,"M","A","2022-03-31",2
"95","2022-03-31","Boyicup",0.101,"18891ANEAA","BOY37",1,5,"F","A","2022-03-31",2
"96","2022-03-31","Boyicup",0.101,"19441ANEAA","BOY39",1,6,"F","A","2022-03-31",1
"97","2022-03-31","Boyicup",0.101,"19434ANEAA","BOY40",1,10,"M","A","2022-03-31",1
"98","2022-03-31","Boyicup",0.101,"19436ANEAA","BOY48",1,10,"M","A","2022-03-31",1
"99","2022-04-01","Boyicup",0.101,"19420ANEAA",NA,0,13,"F","A","2022-03-29",1
"100","2022-04-01","Boyicup",0.101,"18921ANEAA",NA,0,10,"M","A","2022-03-29",2
"101","2022-04-01","Boyicup",0.101,"18457ANEAA","BOY14",1,11,"M","A","2022-04-01",4
"102","2022-04-01","Boyicup",0.101,"19417ANEAA",NA,0,12,"M","A","2022-03-29",1
"103","2022-04-01","Boyicup",0.101,"18904ANEAA",NA,0,10,"F","A","2022-03-29",2
"104","2022-04-01","Boyicup",0.101,"19416ANEAA",NA,0,11,"M","A","2022-03-31",2
"105","2022-04-01","Boyicup",0.101,"19415ANEAA",NA,0,11,"F","A","2022-03-29",1
"106","2022-04-01","Boyicup",0.101,"16788ANEAA",NA,0,9,"F","A","2022-03-30",13
"107","2022-04-01","Boyicup",0.101,"17432ANEAA","BOY24",1,8.66666666666667,"F","A","2022-04-01",11
"108","2022-04-01","Boyicup",0.101,"16758ANEAA",NA,0,12,"F","A","2022-03-29",6
"109","2022-04-01","Boyicup",0.101,"17654ANEAA",NA,0,7,"F","A","2022-03-31",8
"110","2022-04-01","Boyicup",0.101,"19421ANEAA",NA,0,9,"M","A","2022-03-29",1
"111","2022-04-01","Boyicup",0.101,"18447ANEAA","BOY36",1,5,"M","A","2022-04-01",5
"112","2022-04-01","Boyicup",0.101,"19413ANEAA",NA,0,1,"F","A","2022-03-29",1
"113","2022-04-01","Boyicup",0.101,"18872ANEAA",NA,0,9,"F","A","2022-03-29",2
"114","2022-04-01","Boyicup",0.101,"19414ANEAA",NA,0,12,"M","A","2022-03-29",1
"115","2022-04-01","Boyicup",0.101,"17431ANEAA","BOY16",1,5.5,"F","A","2022-04-01",10
"116","2022-04-01","Boyicup",0.101,"19428ANEAA",NA,0,2,"M","A","2022-03-30",1
"117","2022-04-01","Boyicup",0.101,"19429ANEAA",NA,0,8,"M","A","2022-03-30",1
"118","2022-04-01","Boyicup",0.101,"17676ANEAA",NA,0,6,"F","A","2022-03-30",9
"119","2022-04-01","Boyicup",0.101,"17648ANEAA",NA,0,11,"M","A","2022-03-30",6
"120","2022-04-01","Boyicup",0.101,"19432ANEAA",NA,0,7,"F","A","2022-03-30",1
"121","2022-04-01","Boyicup",0.101,"18909ANEAA",NA,0,4,"F","A","2022-03-30",2
"122","2022-04-01","Boyicup",0.101,"19431ANEAA",NA,0,5,"M","S","2022-03-30",1
"123","2022-04-01","Boyicup",0.101,"18930ANEAA",NA,0,9,"F","A","2022-03-31",3
"124","2022-04-01","Boyicup",0.101,"18875ANEAA",NA,0,6,"M","A","2022-03-30",2
"125","2022-04-01","Boyicup",0.101,"17652ANEAA",NA,0,13,"M","A","2022-03-30",5
"126","2022-04-01","Boyicup",0.101,"18908ANEAA",NA,0,10.5,"M","A","2022-03-31",4
"127","2022-04-01","Boyicup",0.101,"18890ANEAA",NA,0,15,"M","A","2022-03-30",2
"128","2022-04-01","Boyicup",0.101,"19422ANEAA",NA,0,7,"F","A","2022-03-30",1
"129","2022-04-01","Boyicup",0.101,"19423ANEAA",NA,0,13,"M","A","2022-03-30",1
"130","2022-04-01","Boyicup",0.101,"19424ANEAA",NA,0,8,"M","A","2022-03-30",1
"131","2022-04-01","Boyicup",0.101,"956000014801754",NA,0,12,"F","A","2022-03-30",655
"132","2022-04-01","Boyicup",0.101,"19425ANEAA",NA,0,12,"M","A","2022-03-30",1
"133","2022-04-01","Boyicup",0.101,"17660ANEAA",NA,0,9,"M","A","2022-03-31",3
"134","2022-04-01","Boyicup",0.101,"18922ANEAA",NA,0,9,"M","A","2022-03-31",2
"135","2022-04-01","Boyicup",0.101,"18912ANEAA",NA,0,11,"F","A","2022-03-31",2
"136","2022-04-01","Boyicup",0.101,"19437ANEAA",NA,0,13,"F","A","2022-03-31",1
"137","2022-04-01","Boyicup",0.101,"18911ANEAA",NA,0,13,"M","A","2022-03-31",2
"138","2022-04-01","Boyicup",0.101,"18450ANEAA",NA,0,11,"F","A","2022-03-31",3
"139","2022-04-01","Boyicup",0.101,"19443ANEAA","BOY28",1,4,"M","A","2022-04-01",2
"140","2022-04-01","Boyicup",0.101,"19442ANEAA",NA,0,7,"M","A","2022-03-31",1
"141","2022-04-01","Boyicup",0.101,"17450ANEAA",NA,0,1,"F","A","2022-03-31",6
"142","2022-04-01","Boyicup",0.101,"18932ANEAA",NA,0,2,"M","A","2022-03-31",2
"143","2022-04-01","Boyicup",0.101,"18891ANEAA",NA,0,5,"F","A","2022-03-31",2
"144","2022-04-01","Boyicup",0.101,"19441ANEAA",NA,0,6,"F","A","2022-03-31",1
"145","2022-04-01","Boyicup",0.101,"19434ANEAA",NA,0,10,"M","A","2022-03-31",1
"146","2022-04-01","Boyicup",0.101,"19436ANEAA",NA,0,10,"M","A","2022-03-31",1
"147","2022-04-01","Boyicup",0.101,"17674ANEAA","BOY10",1,10,"M","A","2022-04-01",5
"148","2022-04-01","Boyicup",0.101,"19447ANEAA","BOY20",1,9,"F","A","2022-04-01",1
"149","2022-04-01","Boyicup",0.101,"18924ANEAA","BOY21",1,8,"M","A","2022-04-01",2
"150","2022-04-01","Boyicup",0.101,"19446ANEAA","BOY25",1,9,"M","A","2022-04-01",1
"151","2022-04-01","Boyicup",0.101,"19454ANEAA","BOY27",1,10,"M","A","2022-04-01",1
"152","2022-04-01","Boyicup",0.101,"19453ANEAA","BOY29",1,5,"M","S","2022-04-01",1
"153","2022-04-01","Boyicup",0.101,"19451ANEAA","BOY32",1,6,"F","A","2022-04-01",1
"154","2022-04-01","Boyicup",0.101,"18889ANEAA","BOY42",1,10,"F","A","2022-04-01",2
"155","2022-04-01","Boyicup",0.101,"18873ANEAA","BOY49",1,8,"F","A","2022-04-01",2
"156","2022-04-01","Boyicup",0.101,"19445ANEAA","BOY50",1,12,"M","A","2022-04-01",1
"157","2022-03-22","Moopinup",0.145,"19353ANEAA","POS11",1,5,"M","A","2022-03-22",1
"158","2022-03-22","Moopinup",0.145,"19354ANEAA","POS20",1,10,"F","A","2022-03-22",1
"159","2022-03-22","Moopinup",0.145,"19355ANEAA","POS21",1,10,"F","A","2022-03-22",1
"160","2022-03-22","Moopinup",0.145,"18712ANEAA","POS27",1,5,"F","A","2022-03-22",4
"161","2022-03-22","Moopinup",0.145,"18410ANEAA","POS28",1,9,"M","A","2022-03-22",6
"162","2022-03-22","Moopinup",0.145,"19360ANEAA","POS29",1,4.5,"M","A","2022-03-22",1
"163","2022-03-22","Moopinup",0.145,"18951ANEAA","POS30",1,1.5,"F","A","2022-03-22",3
"164","2022-03-22","Moopinup",0.145,"18409ANEAA","POS31",1,7,"M","A","2022-03-22",5
"165","2022-03-22","Moopinup",0.145,"19356ANEAA","POS32",1,10,"M","A","2022-03-22",1
"166","2022-03-22","Moopinup",0.145,"19358ANEAA","POS35",1,6,"M","A","2022-03-22",1
"167","2022-03-22","Moopinup",0.145,"19359ANEAA","POS36",1,7,"M","A","2022-03-22",1
"168","2022-03-22","Moopinup",0.145,"18938ANEAA","POS41",1,9,"M","A","2022-03-22",2
"169","2022-03-22","Moopinup",0.145,"19363ANEAA","POS43",1,4.5,"M","A","2022-03-22",1
"170","2022-03-22","Moopinup",0.145,"18423ANEAA","POS44",1,6,"F","A","2022-03-22",4
"171","2022-03-23","Moopinup",0.145,"19353ANEAA",NA,0,5,"M","A","2022-03-22",1
"172","2022-03-23","Moopinup",0.145,"19354ANEAA",NA,0,10,"F","A","2022-03-22",1
"173","2022-03-23","Moopinup",0.145,"19355ANEAA",NA,0,10,"F","A","2022-03-22",1
"174","2022-03-23","Moopinup",0.145,"18712ANEAA",NA,0,5,"F","A","2022-03-22",4
"175","2022-03-23","Moopinup",0.145,"18410ANEAA",NA,0,9,"M","A","2022-03-22",6
"176","2022-03-23","Moopinup",0.145,"19360ANEAA","POS28",1,4.5,"M","A","2022-03-23",2
"177","2022-03-23","Moopinup",0.145,"18951ANEAA","POS31",1,1.5,"F","A","2022-03-23",4
"178","2022-03-23","Moopinup",0.145,"18409ANEAA","POS32",1,7,"M","A","2022-03-23",6
"179","2022-03-23","Moopinup",0.145,"19356ANEAA",NA,0,10,"M","A","2022-03-22",1
"180","2022-03-23","Moopinup",0.145,"19358ANEAA",NA,0,6,"M","A","2022-03-22",1
"181","2022-03-23","Moopinup",0.145,"19359ANEAA",NA,0,7,"M","A","2022-03-22",1
"182","2022-03-23","Moopinup",0.145,"18938ANEAA",NA,0,9,"M","A","2022-03-22",2
"183","2022-03-23","Moopinup",0.145,"19363ANEAA","POS42",1,4.5,"M","A","2022-03-23",2
"184","2022-03-23","Moopinup",0.145,"18423ANEAA",NA,0,6,"F","A","2022-03-22",4
"185","2022-03-23","Moopinup",0.145,"18740ANEAA","POS22",1,6,"M","A","2022-03-23",4
"186","2022-03-23","Moopinup",0.145,"19377ANEAA","POS23",1,7,"F","A","2022-03-23",1
"187","2022-03-23","Moopinup",0.145,"19365ANEAA","POS24",1,7,"F","A","2022-03-23",1
"188","2022-03-23","Moopinup",0.145,"19366ANEAA","POS25",1,6,"F","A","2022-03-23",1
"189","2022-03-23","Moopinup",0.145,"17616ANEAA","POS26",1,6.5,"M","A","2022-03-23",11
"190","2022-03-23","Moopinup",0.145,"18700ANEAA","POS30",1,3.5,"M","A","2022-03-23",5
"191","2022-03-23","Moopinup",0.145,"19367ANEAA","POS33",1,5,"F","A","2022-03-23",1
"192","2022-03-23","Moopinup",0.145,"19368ANEAA","POS35",1,1,"F","A","2022-03-23",1
"193","2022-03-23","Moopinup",0.145,"19369ANEAA","POS36",1,4,"F","A","2022-03-23",1
"194","2022-03-23","Moopinup",0.145,"19376ANEAA","POS38",1,9,"M","A","2022-03-23",1
"195","2022-03-23","Moopinup",0.145,"19375ANEAA","POS39",1,3,"F","A","2022-03-23",1
"196","2022-03-23","Moopinup",0.145,"17584ANEAA","POS40",1,2,"M","A","2022-03-23",7
"197","2022-03-23","Moopinup",0.145,"19374ANEAA","POS41",1,7,"M","A","2022-03-23",1
"198","2022-03-23","Moopinup",0.145,"19373ANEAA","POS43",1,4,"F","A","2022-03-23",1
"199","2022-03-23","Moopinup",0.145,"19372ANEAA","POS44",1,3,"M","A","2022-03-23",1
"200","2022-03-23","Moopinup",0.145,"18707ANEAA","POS47",1,5,"F","A","2022-03-23",4
"201","2022-03-23","Moopinup",0.145,"19370ANEAA","POS50",1,6,"M","A","2022-03-23",1
"202","2022-03-24","Moopinup",0.145,"19353ANEAA",NA,0,5,"M","A","2022-03-22",1
"203","2022-03-24","Moopinup",0.145,"19354ANEAA",NA,0,10,"F","A","2022-03-22",1
"204","2022-03-24","Moopinup",0.145,"19355ANEAA",NA,0,10,"F","A","2022-03-22",1
"205","2022-03-24","Moopinup",0.145,"18712ANEAA",NA,0,5,"F","A","2022-03-22",4
"206","2022-03-24","Moopinup",0.145,"18410ANEAA",NA,0,9,"M","A","2022-03-22",6
"207","2022-03-24","Moopinup",0.145,"19360ANEAA",NA,0,4.5,"M","A","2022-03-23",2
"208","2022-03-24","Moopinup",0.145,"18951ANEAA",NA,0,1.5,"F","A","2022-03-23",4
"209","2022-03-24","Moopinup",0.145,"18409ANEAA",NA,0,7,"M","A","2022-03-23",6
"210","2022-03-24","Moopinup",0.145,"19356ANEAA",NA,0,10,"M","A","2022-03-22",1
"211","2022-03-24","Moopinup",0.145,"19358ANEAA",NA,0,6,"M","A","2022-03-22",1
"212","2022-03-24","Moopinup",0.145,"19359ANEAA",NA,0,7,"M","A","2022-03-22",1
"213","2022-03-24","Moopinup",0.145,"18938ANEAA","POS39",1,9,"M","A","2022-03-24",3
"214","2022-03-24","Moopinup",0.145,"19363ANEAA",NA,0,4.5,"M","A","2022-03-23",2
"215","2022-03-24","Moopinup",0.145,"18423ANEAA",NA,0,6,"F","A","2022-03-22",4
"216","2022-03-24","Moopinup",0.145,"18740ANEAA",NA,0,6,"M","A","2022-03-23",4
"217","2022-03-24","Moopinup",0.145,"19377ANEAA",NA,0,7,"F","A","2022-03-23",1
"218","2022-03-24","Moopinup",0.145,"19365ANEAA",NA,0,7,"F","A","2022-03-23",1
"219","2022-03-24","Moopinup",0.145,"19366ANEAA",NA,0,6,"F","A","2022-03-23",1
"220","2022-03-24","Moopinup",0.145,"17616ANEAA",NA,0,6.5,"M","A","2022-03-23",11
"221","2022-03-24","Moopinup",0.145,"18700ANEAA","POS31",1,3.5,"M","A","2022-03-24",6
"222","2022-03-24","Moopinup",0.145,"19367ANEAA",NA,0,5,"F","A","2022-03-23",1
"223","2022-03-24","Moopinup",0.145,"19368ANEAA",NA,0,1,"F","A","2022-03-23",1
"224","2022-03-24","Moopinup",0.145,"19369ANEAA",NA,0,4,"F","A","2022-03-23",1
"225","2022-03-24","Moopinup",0.145,"19376ANEAA",NA,0,9,"M","A","2022-03-23",1
"226","2022-03-24","Moopinup",0.145,"19375ANEAA",NA,0,3,"F","A","2022-03-23",1
"227","2022-03-24","Moopinup",0.145,"17584ANEAA",NA,0,2,"M","A","2022-03-23",7
"228","2022-03-24","Moopinup",0.145,"19374ANEAA",NA,0,7,"M","A","2022-03-23",1
"229","2022-03-24","Moopinup",0.145,"19373ANEAA",NA,0,4,"F","A","2022-03-23",1
"230","2022-03-24","Moopinup",0.145,"19372ANEAA",NA,0,3,"M","A","2022-03-23",1
"231","2022-03-24","Moopinup",0.145,"18707ANEAA",NA,0,5,"F","A","2022-03-23",4
"232","2022-03-24","Moopinup",0.145,"19370ANEAA",NA,0,6,"M","A","2022-03-23",1
"233","2022-03-24","Moopinup",0.145,"19379ANEAA","POS12",1,5.5,"M","A","2022-03-24",1
"234","2022-03-24","Moopinup",0.145,"19380ANEAA","POS14",1,7,"M","A","2022-03-24",1
"235","2022-03-24","Moopinup",0.145,"18973ANEAA","POS21",1,10,"F","A","2022-03-24",2
"236","2022-03-24","Moopinup",0.145,"18935ANEAA","POS22",1,13,"F","A","2022-03-24",3
"237","2022-03-24","Moopinup",0.145,"18714ANEAA","POS23",1,11.5,"M","A","2022-03-24",3
"238","2022-03-24","Moopinup",0.145,"19382ANEAA","POS24",1,8,"M","A","2022-03-24",1
"239","2022-03-24","Moopinup",0.145,"18752ANEAA","POS25",1,8,"F","A","2022-03-24",2
"240","2022-03-24","Moopinup",0.145,"18723ANEAA","POS27",1,6,"F","A","2022-03-24",4
"241","2022-03-24","Moopinup",0.145,"18711ANEAA","POS28",1,8,"M","A","2022-03-24",4
"242","2022-03-24","Moopinup",0.145,"19383ANEAA","POS29",1,10,"F","A","2022-03-24",1
"243","2022-03-24","Moopinup",0.145,"19384ANEAA","POS30",1,7,"M","A","2022-03-24",1
"244","2022-03-24","Moopinup",0.145,"19385ANEAA","POS32",1,10,"F","A","2022-03-24",1
"245","2022-03-24","Moopinup",0.145,"18731ANEAA","POS33",1,2.5,"F","A","2022-03-24",3
"246","2022-03-24","Moopinup",0.145,"19387ANEAA","POS35",1,2,"F","A","2022-03-24",1
"247","2022-03-24","Moopinup",0.145,"19388ANEAA","POS36",1,7,"F","A","2022-03-24",1
"248","2022-03-24","Moopinup",0.145,"19395ANEAA","POS38",1,9,"F","A","2022-03-24",1
"249","2022-03-24","Moopinup",0.145,"19394ANEAA","POS40",1,6,"M","A","2022-03-24",1
"250","2022-03-24","Moopinup",0.145,"18968ANEAA","POS41",1,9,"F","A","2022-03-24",2
"251","2022-03-24","Moopinup",0.145,"19393ANEAA","POS43",1,4,"M","A","2022-03-24",1
"252","2022-03-24","Moopinup",0.145,"19392ANEAA","POS46",1,7,"M","A","2022-03-24",1
"253","2022-03-24","Moopinup",0.145,"19391ANEAA","POS48",1,2,"M","A","2022-03-24",1
"254","2022-03-24","Moopinup",0.145,"19389ANEAA","POS50",1,10,"M","A","2022-03-24",1
"255","2022-03-25","Moopinup",0.145,"19353ANEAA",NA,0,5,"M","A","2022-03-22",1
"256","2022-03-25","Moopinup",0.145,"19354ANEAA",NA,0,10,"F","A","2022-03-22",1
"257","2022-03-25","Moopinup",0.145,"19355ANEAA",NA,0,10,"F","A","2022-03-22",1
"258","2022-03-25","Moopinup",0.145,"18712ANEAA","POS28",1,5,"F","A","2022-03-25",5
"259","2022-03-25","Moopinup",0.145,"18410ANEAA",NA,0,9,"M","A","2022-03-22",6
"260","2022-03-25","Moopinup",0.145,"19360ANEAA",NA,0,4.5,"M","A","2022-03-23",2
"261","2022-03-25","Moopinup",0.145,"18951ANEAA",NA,0,1.5,"F","A","2022-03-23",4
"262","2022-03-25","Moopinup",0.145,"18409ANEAA","POS33",1,7,"M","A","2022-03-25",7
"263","2022-03-25","Moopinup",0.145,"19356ANEAA",NA,0,10,"M","A","2022-03-22",1
"264","2022-03-25","Moopinup",0.145,"19358ANEAA",NA,0,6,"M","A","2022-03-22",1
"265","2022-03-25","Moopinup",0.145,"19359ANEAA",NA,0,7,"M","A","2022-03-22",1
"266","2022-03-25","Moopinup",0.145,"18938ANEAA",NA,0,9,"M","A","2022-03-24",3
"267","2022-03-25","Moopinup",0.145,"19363ANEAA",NA,0,4.5,"M","A","2022-03-23",2
"268","2022-03-25","Moopinup",0.145,"18423ANEAA",NA,0,6,"F","A","2022-03-22",4
"269","2022-03-25","Moopinup",0.145,"18740ANEAA","POS21",1,6,"M","A","2022-03-25",5
"270","2022-03-25","Moopinup",0.145,"19377ANEAA",NA,0,7,"F","A","2022-03-23",1
"271","2022-03-25","Moopinup",0.145,"19365ANEAA",NA,0,7,"F","A","2022-03-23",1
"272","2022-03-25","Moopinup",0.145,"19366ANEAA",NA,0,6,"F","A","2022-03-23",1
"273","2022-03-25","Moopinup",0.145,"17616ANEAA","POS27",1,6.5,"M","A","2022-03-25",12
"274","2022-03-25","Moopinup",0.145,"18700ANEAA",NA,0,3.5,"M","A","2022-03-24",6
"275","2022-03-25","Moopinup",0.145,"19367ANEAA",NA,0,5,"F","A","2022-03-23",1
"276","2022-03-25","Moopinup",0.145,"19368ANEAA",NA,0,1,"F","A","2022-03-23",1
"277","2022-03-25","Moopinup",0.145,"19369ANEAA","POS37",1,4,"F","A","2022-03-25",2
"278","2022-03-25","Moopinup",0.145,"19376ANEAA","POS38",1,9,"M","A","2022-03-25",2
"279","2022-03-25","Moopinup",0.145,"19375ANEAA",NA,0,3,"F","A","2022-03-23",1
"280","2022-03-25","Moopinup",0.145,"17584ANEAA",NA,0,2,"M","A","2022-03-23",7
"281","2022-03-25","Moopinup",0.145,"19374ANEAA",NA,0,7,"M","A","2022-03-23",1
"282","2022-03-25","Moopinup",0.145,"19373ANEAA",NA,0,4,"F","A","2022-03-23",1
"283","2022-03-25","Moopinup",0.145,"19372ANEAA",NA,0,3,"M","A","2022-03-23",1
"284","2022-03-25","Moopinup",0.145,"18707ANEAA",NA,0,5,"F","A","2022-03-23",4
"285","2022-03-25","Moopinup",0.145,"19370ANEAA",NA,0,6,"M","A","2022-03-23",1
"286","2022-03-25","Moopinup",0.145,"19379ANEAA","POS12",1,5.5,"M","A","2022-03-25",2
"287","2022-03-25","Moopinup",0.145,"19380ANEAA",NA,0,7,"M","A","2022-03-24",1
"288","2022-03-25","Moopinup",0.145,"18973ANEAA",NA,0,10,"F","A","2022-03-24",2
"289","2022-03-25","Moopinup",0.145,"18935ANEAA",NA,0,13,"F","A","2022-03-24",3
"290","2022-03-25","Moopinup",0.145,"18714ANEAA","POS24",1,11.5,"M","A","2022-03-25",4
"291","2022-03-25","Moopinup",0.145,"19382ANEAA",NA,0,8,"M","A","2022-03-24",1
"292","2022-03-25","Moopinup",0.145,"18752ANEAA",NA,0,8,"F","A","2022-03-24",2
"293","2022-03-25","Moopinup",0.145,"18723ANEAA",NA,0,6,"F","A","2022-03-24",4
"294","2022-03-25","Moopinup",0.145,"18711ANEAA",NA,0,8,"M","A","2022-03-24",4
"295","2022-03-25","Moopinup",0.145,"19383ANEAA",NA,0,10,"F","A","2022-03-24",1
"296","2022-03-25","Moopinup",0.145,"19384ANEAA",NA,0,7,"M","A","2022-03-24",1
"297","2022-03-25","Moopinup",0.145,"19385ANEAA",NA,0,10,"F","A","2022-03-24",1
"298","2022-03-25","Moopinup",0.145,"18731ANEAA","POS32",1,2.5,"F","A","2022-03-25",4
"299","2022-03-25","Moopinup",0.145,"19387ANEAA",NA,0,2,"F","A","2022-03-24",1
"300","2022-03-25","Moopinup",0.145,"19388ANEAA",NA,0,7,"F","A","2022-03-24",1
"301","2022-03-25","Moopinup",0.145,"19395ANEAA",NA,0,9,"F","A","2022-03-24",1
"302","2022-03-25","Moopinup",0.145,"19394ANEAA",NA,0,6,"M","A","2022-03-24",1
"303","2022-03-25","Moopinup",0.145,"18968ANEAA",NA,0,9,"F","A","2022-03-24",2
"304","2022-03-25","Moopinup",0.145,"19393ANEAA",NA,0,4,"M","A","2022-03-24",1
"305","2022-03-25","Moopinup",0.145,"19392ANEAA",NA,0,7,"M","A","2022-03-24",1
"306","2022-03-25","Moopinup",0.145,"19391ANEAA",NA,0,2,"M","A","2022-03-24",1
"307","2022-03-25","Moopinup",0.145,"19389ANEAA",NA,0,10,"M","A","2022-03-24",1
"308","2022-03-25","Moopinup",0.145,"19401ANEAA","POS10",1,4,"M","A","2022-03-25",1
"309","2022-03-25","Moopinup",0.145,"19402ANEAA","POS16",1,8,"F","A","2022-03-25",1
"310","2022-03-25","Moopinup",0.145,"19412ANEAA","POS17",1,5,"M","A","2022-03-25",1
"311","2022-03-25","Moopinup",0.145,"18961ANEAA","POS22",1,8,"M","A","2022-03-25",3
"312","2022-03-25","Moopinup",0.145,"19403ANEAA","POS25",1,11,"M","A","2022-03-25",1
"313","2022-03-25","Moopinup",0.145,"19404ANEAA","POS29",1,8,"M","S","2022-03-25",1
"314","2022-03-25","Moopinup",0.145,"19405ANEAA","POS30",1,8,"M","A","2022-03-25",1
"315","2022-03-25","Moopinup",0.145,"19406ANEAA","POS35",1,1,"M","S","2022-03-25",1
"316","2022-03-25","Moopinup",0.145,"19407ANEAA","POS36",1,11,"M","A","2022-03-25",1
"317","2022-03-25","Moopinup",0.145,"19411ANEAA","POS39",1,9,"F","A","2022-03-25",1
"318","2022-03-25","Moopinup",0.145,"19410ANEAA","POS41",1,9,"M","A","2022-03-25",1
"319","2022-03-25","Moopinup",0.145,"19409ANEAA","POS45",1,5,"M","A","2022-03-25",1
"320","2022-03-25","Moopinup",0.145,"19408ANEAA","POS46",1,1,"F","A","2022-03-25",1
"321","2022-03-15","PerupSanctuary",0.301,"16939ANEAA","F17",1,9.33333333333333,"M","A","2022-03-15",3
"322","2022-03-15","PerupSanctuary",0.301,"19305ANEAA","F18",1,8,"F","A","2022-03-15",1
"323","2022-03-15","PerupSanctuary",0.301,"19010ANEAA","F20",1,4.5,"F","A","2022-03-15",2
"324","2022-03-15","PerupSanctuary",0.301,"17999ANEAA","G11",1,3,"F","A","2022-03-15",2
"325","2022-03-15","PerupSanctuary",0.301,"19298ANEAA","G12",1,9.5,"F","A","2022-03-15",1
"326","2022-03-15","PerupSanctuary",0.301,"18248ANEAA","G15",1,2.5,"F","A","2022-03-15",11
"327","2022-03-15","PerupSanctuary",0.301,"16862ANEAA","H11",1,4.66666666666667,"F","A","2022-03-15",5
"328","2022-03-15","PerupSanctuary",0.301,"19303ANEAA","H16",1,2.66666666666667,"M","S","2022-03-15",1
"329","2022-03-15","PerupSanctuary",0.301,"19296ANEAA","H20",1,4.5,"F","A","2022-03-15",1
"330","2022-03-15","PerupSanctuary",0.301,"17400ANEAA","I11",1,7.33333333333333,"M","A","2022-03-15",17
"331","2022-03-15","PerupSanctuary",0.301,"19299ANEAA","I12",1,4.66666666666667,"F","A","2022-03-15",1
"332","2022-03-15","PerupSanctuary",0.301,"18628ANEAA","I16",1,2.66666666666667,"F","A","2022-03-15",4
"333","2022-03-15","PerupSanctuary",0.301,"17039ANEAA","I18",1,6.25,"M","A","2022-03-15",15
"334","2022-03-15","PerupSanctuary",0.301,"17406ANEAA","I19",1,3.66666666666667,"F","A","2022-03-15",6
"335","2022-03-15","PerupSanctuary",0.301,"17367ANEAA","I20",1,5.33333333333333,"M","A","2022-03-15",16
"336","2022-03-15","PerupSanctuary",0.301,"17397ANEAA","J11",1,5.66666666666667,"F","A","2022-03-15",9
"337","2022-03-15","PerupSanctuary",0.301,"19300ANEAA","J12",1,8.5,"M","A","2022-03-15",1
"338","2022-03-15","PerupSanctuary",0.301,"19020ANEAA","J14",1,7.33333333333333,"F","A","2022-03-15",2
"339","2022-03-15","PerupSanctuary",0.301,"14962ANEAA","J15",1,2,"M","A","2022-03-15",16
"340","2022-03-15","PerupSanctuary",0.301,"15631ANEAA","J16",1,4.25,"M","A","2022-03-15",18
"341","2022-03-15","PerupSanctuary",0.301,"18609ANEAA","J17",1,3,"F","A","2022-03-15",8
"342","2022-03-15","PerupSanctuary",0.301,"19304ANEAA","J19",1,1,"F","S","2022-03-15",1
"343","2022-03-15","PerupSanctuary",0.301,"18998ANEAA","J20",1,7,"M","A","2022-03-15",3
"344","2022-03-15","PerupSanctuary",0.301,"19025ANEAA","K12",1,9.33333333333333,"F","A","2022-03-15",2
"345","2022-03-15","PerupSanctuary",0.301,"19302ANEAA","K13",1,6,"F","S","2022-03-15",1
"346","2022-03-15","PerupSanctuary",0.301,"19301ANEAA","K14",1,6,"F","A","2022-03-15",1
"347","2022-03-15","PerupSanctuary",0.301,"18610ANEAA","K17",1,7.33333333333333,"M","A","2022-03-15",9
"348","2022-03-15","PerupSanctuary",0.301,"16967ANEAA","K18",1,5.5,"M","A","2022-03-15",26
"349","2022-03-15","PerupSanctuary",0.301,"15150ANEAA","L13",1,7.75,"M","A","2022-03-15",37
"350","2022-03-15","PerupSanctuary",0.301,"17873ANEAA","L18",1,7,"F","A","2022-03-15",17
"351","2022-03-15","PerupSanctuary",0.301,"16962ANEAA","L19",1,5,"M","A","2022-03-15",18
"352","2022-03-15","PerupSanctuary",0.301,"13785ANEAA","M15",1,6.25,"M","A","2022-03-15",39
"353","2022-03-15","PerupSanctuary",0.301,"13785ANEAA","M15",1,6.25,"M","A","2022-03-15",39
"354","2022-03-15","PerupSanctuary",0.301,"13785ANEAA","N13",1,6.25,"M","A","2022-03-15",39
"355","2022-03-15","PerupSanctuary",0.301,"13785ANEAA","N13",1,6.25,"M","A","2022-03-15",39
"356","2022-03-15","PerupSanctuary",0.301,"17388ANEAA","M18",1,7,"M","A","2022-03-15",21
"357","2022-03-15","PerupSanctuary",0.301,"18611ANEAA","M20",1,5,"F","A","2022-03-15",8
"358","2022-03-15","PerupSanctuary",0.301,"18629ANEAA","N11",1,7.66666666666667,"M","A","2022-03-15",4
"359","2022-03-15","PerupSanctuary",0.301,"16918ANEAA","N12",1,10,"F","A","2022-03-15",7
"360","2022-03-15","PerupSanctuary",0.301,"18596ANEAA","N14",1,8.75,"F","A","2022-03-15",6
"361","2022-03-15","PerupSanctuary",0.301,"17013ANEAA","N16",1,4,"M","A","2022-03-15",22
"362","2022-03-15","PerupSanctuary",0.301,"18612ANEAA","N17",1,7,"M","A","2022-03-15",8
"363","2022-03-15","PerupSanctuary",0.301,"15584ANEAA","N18",1,4.75,"M","A","2022-03-15",21
"364","2022-03-15","PerupSanctuary",0.301,"18622ANEAA","N19",1,4.5,"F","A","2022-03-15",6
"365","2022-03-15","PerupSanctuary",0.301,"16897ANEAA","N20",1,5,"F","A","2022-03-15",14
"366","2022-03-15","PerupSanctuary",0.301,"15135ANEAA","O11",1,5,"M","A","2022-03-15",35
"367","2022-03-15","PerupSanctuary",0.301,"18283ANEAA","O16",1,4,"F","A","2022-03-15",12
"368","2022-03-15","PerupSanctuary",0.301,"18289ANEAA","O19",1,3.5,"F","A","2022-03-15",6
"369","2022-03-16","PerupSanctuary",0.301,"16939ANEAA","G19",1,9.33333333333333,"M","A","2022-03-16",4
"370","2022-03-16","PerupSanctuary",0.301,"19305ANEAA","G18",1,8,"F","A","2022-03-16",2
"371","2022-03-16","PerupSanctuary",0.301,"19010ANEAA",NA,0,4.5,"F","A","2022-03-15",2
"372","2022-03-16","PerupSanctuary",0.301,"17999ANEAA","F11",1,3,"F","A","2022-03-16",3
"373","2022-03-16","PerupSanctuary",0.301,"19298ANEAA",NA,0,9.5,"F","A","2022-03-15",1
"374","2022-03-16","PerupSanctuary",0.301,"18248ANEAA","J16",1,2.5,"F","A","2022-03-16",12
"375","2022-03-16","PerupSanctuary",0.301,"16862ANEAA","H12",1,4.66666666666667,"F","A","2022-03-16",6
"376","2022-03-16","PerupSanctuary",0.301,"19303ANEAA",NA,0,2.66666666666667,"M","S","2022-03-15",1
"377","2022-03-16","PerupSanctuary",0.301,"19296ANEAA",NA,0,4.5,"F","A","2022-03-15",1
"378","2022-03-16","PerupSanctuary",0.301,"17400ANEAA","G12",1,7.33333333333333,"M","A","2022-03-16",18
"379","2022-03-16","PerupSanctuary",0.301,"19299ANEAA",NA,0,4.66666666666667,"F","A","2022-03-15",1
"380","2022-03-16","PerupSanctuary",0.301,"18628ANEAA","J17",1,2.66666666666667,"F","A","2022-03-16",5
"381","2022-03-16","PerupSanctuary",0.301,"17039ANEAA","F18",1,6.25,"M","A","2022-03-16",16
"382","2022-03-16","PerupSanctuary",0.301,"17406ANEAA",NA,0,3.66666666666667,"F","A","2022-03-15",6
"383","2022-03-16","PerupSanctuary",0.301,"17367ANEAA","K19",1,5.33333333333333,"M","A","2022-03-16",17
"384","2022-03-16","PerupSanctuary",0.301,"17397ANEAA",NA,0,5.66666666666667,"F","A","2022-03-15",9
"385","2022-03-16","PerupSanctuary",0.301,"19300ANEAA","I14",1,8.5,"M","A","2022-03-16",2
"386","2022-03-16","PerupSanctuary",0.301,"19020ANEAA","I12",1,7.33333333333333,"F","A","2022-03-16",3
"387","2022-03-16","PerupSanctuary",0.301,"14962ANEAA","J12",1,2,"M","A","2022-03-16",17
"388","2022-03-16","PerupSanctuary",0.301,"15631ANEAA","I15",1,4.25,"M","A","2022-03-16",19
"389","2022-03-16","PerupSanctuary",0.301,"18609ANEAA","K17",1,3,"F","A","2022-03-16",9
"390","2022-03-16","PerupSanctuary",0.301,"19304ANEAA","I19",1,1,"F","S","2022-03-16",2
"391","2022-03-16","PerupSanctuary",0.301,"18998ANEAA","I16",1,7,"M","A","2022-03-16",4
"392","2022-03-16","PerupSanctuary",0.301,"19025ANEAA",NA,0,9.33333333333333,"F","A","2022-03-15",2
"393","2022-03-16","PerupSanctuary",0.301,"19302ANEAA","K14",1,6,"F","S","2022-03-16",2
"394","2022-03-16","PerupSanctuary",0.301,"19301ANEAA","J14",1,6,"F","A","2022-03-16",2
"395","2022-03-16","PerupSanctuary",0.301,"18610ANEAA",NA,0,7.33333333333333,"M","A","2022-03-15",9
"396","2022-03-16","PerupSanctuary",0.301,"16967ANEAA","K16",1,5.5,"M","A","2022-03-16",27
"397","2022-03-16","PerupSanctuary",0.301,"15150ANEAA","L13",1,7.75,"M","A","2022-03-16",38
"398","2022-03-16","PerupSanctuary",0.301,"17873ANEAA",NA,0,7,"F","A","2022-03-15",17
"399","2022-03-16","PerupSanctuary",0.301,"16962ANEAA",NA,0,5,"M","A","2022-03-15",18
"400","2022-03-16","PerupSanctuary",0.301,"13785ANEAA","L15",1,6.25,"M","A","2022-03-16",40
"401","2022-03-16","PerupSanctuary",0.301,"17388ANEAA","M15",1,7,"M","A","2022-03-16",22
"402","2022-03-16","PerupSanctuary",0.301,"18611ANEAA","L19",1,5,"F","A","2022-03-16",9
"403","2022-03-16","PerupSanctuary",0.301,"18629ANEAA","O14",1,7.66666666666667,"M","A","2022-03-16",5
"404","2022-03-16","PerupSanctuary",0.301,"16918ANEAA",NA,0,10,"F","A","2022-03-15",7
"405","2022-03-16","PerupSanctuary",0.301,"18596ANEAA","K15",1,8.75,"F","A","2022-03-16",7
"406","2022-03-16","PerupSanctuary",0.301,"17013ANEAA","N17",1,4,"M","A","2022-03-16",23
"407","2022-03-16","PerupSanctuary",0.301,"18612ANEAA","O19",1,7,"M","A","2022-03-16",9
"408","2022-03-16","PerupSanctuary",0.301,"15584ANEAA","O18",1,4.75,"M","A","2022-03-16",22
"409","2022-03-16","PerupSanctuary",0.301,"18622ANEAA","O17",1,4.5,"F","A","2022-03-16",7
"410","2022-03-16","PerupSanctuary",0.301,"16897ANEAA",NA,0,5,"F","A","2022-03-15",14
"411","2022-03-16","PerupSanctuary",0.301,"15135ANEAA","O13",1,5,"M","A","2022-03-16",36
"412","2022-03-16","PerupSanctuary",0.301,"18283ANEAA","L14",1,4,"F","A","2022-03-16",13
"413","2022-03-16","PerupSanctuary",0.301,"18289ANEAA",NA,0,3.5,"F","A","2022-03-15",6
"414","2022-03-16","PerupSanctuary",0.301,"19306ANEAA","F13",1,2,"M","S","2022-03-16",1
"415","2022-03-16","PerupSanctuary",0.301,"17951ANEAA","F14",1,9.33333333333333,"M","A","2022-03-16",5
"416","2022-03-16","PerupSanctuary",0.301,"19315ANEAA","F16",1,8,"F","A","2022-03-16",1
"417","2022-03-16","PerupSanctuary",0.301,"19320ANEAA","F19",1,5,"M","A","2022-03-16",1
"418","2022-03-16","PerupSanctuary",0.301,"19321ANEAA","F20",1,6,"F","A","2022-03-16",1
"419","2022-03-16","PerupSanctuary",0.301,"19309ANEAA","G11",1,10,"M","A","2022-03-16",1
"420","2022-03-16","PerupSanctuary",0.301,"19307ANEAA","G14",1,7.5,"F","A","2022-03-16",1
"421","2022-03-16","PerupSanctuary",0.301,"19314ANEAA","G15",1,6.33333333333333,"F","A","2022-03-16",1
"422","2022-03-16","PerupSanctuary",0.301,"19317ANEAA","G17",1,8,"M","A","2022-03-16",1
"423","2022-03-16","PerupSanctuary",0.301,"17961ANEAA","H11",1,5.33333333333333,"F","A","2022-03-16",9
"424","2022-03-16","PerupSanctuary",0.301,"19316ANEAA","H15",1,3,"M","S","2022-03-16",1
"425","2022-03-16","PerupSanctuary",0.301,"18637ANEAA","H20",1,3,"F","A","2022-03-16",6
"426","2022-03-16","PerupSanctuary",0.301,"17950ANEAA","I11",1,3,"F","A","2022-03-16",13
"427","2022-03-16","PerupSanctuary",0.301,"19318ANEAA","I18",1,3,"F","S","2022-03-16",1
"428","2022-03-16","PerupSanctuary",0.301,"19322ANEAA","I20",1,7,"M","A","2022-03-16",1
"429","2022-03-16","PerupSanctuary",0.301,"19313ANEAA","J11",1,7,"M","A","2022-03-16",1
"430","2022-03-16","PerupSanctuary",0.301,"18995ANEAA","J20",1,4.5,"F","A","2022-03-16",4
"431","2022-03-16","PerupSanctuary",0.301,"17023ANEAA","K18",1,2,"F","A","2022-03-16",23
"432","2022-03-16","PerupSanctuary",0.301,"19323ANEAA","K20",1,3,"F","A","2022-03-16",1
"433","2022-03-16","PerupSanctuary",0.301,"19310ANEAA","L12",1,7.33333333333333,"M","A","2022-03-16",1
"434","2022-03-16","PerupSanctuary",0.301,"19311ANEAA","M12",1,7,"F","A","2022-03-16",1
"435","2022-03-16","PerupSanctuary",0.301,"18996ANEAA","M13",1,7,"M","A","2022-03-16",4
"436","2022-03-16","PerupSanctuary",0.301,"19319ANEAA","M18",1,6.5,"F","A","2022-03-16",1
"437","2022-03-16","PerupSanctuary",0.301,"19312ANEAA","N11",1,5.5,"M","A","2022-03-16",1
"438","2022-03-16","PerupSanctuary",0.301,"19308ANEAA","N14",1,6.5,"M","A","2022-03-16",1
"439","2022-03-16","PerupSanctuary",0.301,"19324ANEAA","N19",1,4,"M","A","2022-03-16",1
"440","2022-03-16","PerupSanctuary",0.301,"18600ANEAA","O11",1,8,"F","A","2022-03-16",4
"441","2022-03-16","PerupSanctuary",0.301,"18994ANEAA","O16",1,6,"F","A","2022-03-16",4
"442","2022-03-16","PerupSanctuary",0.301,"19014ANEAA","O20",1,6,"F","A","2022-03-16",2
"443","2022-03-17","PerupSanctuary",0.301,"16939ANEAA","F18",1,9.33333333333333,"M","A","2022-03-17",5
"444","2022-03-17","PerupSanctuary",0.301,"19305ANEAA",NA,0,8,"F","A","2022-03-16",2
"445","2022-03-17","PerupSanctuary",0.301,"19010ANEAA","F19",1,4.5,"F","A","2022-03-17",3
"446","2022-03-17","PerupSanctuary",0.301,"17999ANEAA","F12",1,3,"F","A","2022-03-17",5
"447","2022-03-17","PerupSanctuary",0.301,"17999ANEAA","F12",1,3,"F","A","2022-03-17",5
"448","2022-03-17","PerupSanctuary",0.301,"17999ANEAA","F12",1,3,"F","A","2022-03-17",5
"449","2022-03-17","PerupSanctuary",0.301,"17999ANEAA","F12",1,3,"F","A","2022-03-17",5
"450","2022-03-17","PerupSanctuary",0.301,"19298ANEAA",NA,0,9.5,"F","A","2022-03-15",1
"451","2022-03-17","PerupSanctuary",0.301,"18248ANEAA","I17",1,2.5,"F","A","2022-03-17",13
"452","2022-03-17","PerupSanctuary",0.301,"16862ANEAA","H11",1,4.66666666666667,"F","A","2022-03-17",7
"453","2022-03-17","PerupSanctuary",0.301,"19303ANEAA","H15",1,2.66666666666667,"M","S","2022-03-17",2
"454","2022-03-17","PerupSanctuary",0.301,"19296ANEAA",NA,0,4.5,"F","A","2022-03-15",1
"455","2022-03-17","PerupSanctuary",0.301,"17400ANEAA","G11",1,7.33333333333333,"M","A","2022-03-17",19
"456","2022-03-17","PerupSanctuary",0.301,"19299ANEAA","G12",1,4.66666666666667,"F","A","2022-03-17",2
"457","2022-03-17","PerupSanctuary",0.301,"18628ANEAA",NA,0,2.66666666666667,"F","A","2022-03-16",5
"458","2022-03-17","PerupSanctuary",0.301,"17039ANEAA","K19",1,6.25,"M","A","2022-03-17",17
"459","2022-03-17","PerupSanctuary",0.301,"17406ANEAA","H18",1,3.66666666666667,"F","A","2022-03-17",7
"460","2022-03-17","PerupSanctuary",0.301,"17367ANEAA","L18",1,5.33333333333333,"M","A","2022-03-17",18
"461","2022-03-17","PerupSanctuary",0.301,"17397ANEAA","I11",1,5.66666666666667,"F","A","2022-03-17",10
"462","2022-03-17","PerupSanctuary",0.301,"19300ANEAA","I12",1,8.5,"M","A","2022-03-17",3
"463","2022-03-17","PerupSanctuary",0.301,"19020ANEAA","I13",1,7.33333333333333,"F","A","2022-03-17",4
"464","2022-03-17","PerupSanctuary",0.301,"14962ANEAA","L15",1,2,"M","A","2022-03-17",18
"465","2022-03-17","PerupSanctuary",0.301,"15631ANEAA","J15",1,4.25,"M","A","2022-03-17",20
"466","2022-03-17","PerupSanctuary",0.301,"18609ANEAA","K17",1,3,"F","A","2022-03-17",10
"467","2022-03-17","PerupSanctuary",0.301,"19304ANEAA",NA,0,1,"F","S","2022-03-16",2
"468","2022-03-17","PerupSanctuary",0.301,"18998ANEAA",NA,0,7,"M","A","2022-03-16",4
"469","2022-03-17","PerupSanctuary",0.301,"19025ANEAA","N13",1,9.33333333333333,"F","A","2022-03-17",3
"470","2022-03-17","PerupSanctuary",0.301,"19302ANEAA",NA,0,6,"F","S","2022-03-16",2
"471","2022-03-17","PerupSanctuary",0.301,"19301ANEAA","K15",1,6,"F","A","2022-03-17",3
"472","2022-03-17","PerupSanctuary",0.301,"18610ANEAA","J16",1,7.33333333333333,"M","A","2022-03-17",10
"473","2022-03-17","PerupSanctuary",0.301,"16967ANEAA","J18",1,5.5,"M","A","2022-03-17",28
"474","2022-03-17","PerupSanctuary",0.301,"15150ANEAA","O13",1,7.75,"M","A","2022-03-17",39
"475","2022-03-17","PerupSanctuary",0.301,"17873ANEAA",NA,0,7,"F","A","2022-03-15",17
"476","2022-03-17","PerupSanctuary",0.301,"16962ANEAA",NA,0,5,"M","A","2022-03-15",18
"477","2022-03-17","PerupSanctuary",0.301,"13785ANEAA",NA,0,6.25,"M","A","2022-03-16",40
"478","2022-03-17","PerupSanctuary",0.301,"17388ANEAA","M17",1,7,"M","A","2022-03-17",23
"479","2022-03-17","PerupSanctuary",0.301,"18611ANEAA",NA,0,5,"F","A","2022-03-16",9
"480","2022-03-17","PerupSanctuary",0.301,"18629ANEAA","N15",1,7.66666666666667,"M","A","2022-03-17",6
"481","2022-03-17","PerupSanctuary",0.301,"16918ANEAA",NA,0,10,"F","A","2022-03-15",7
"482","2022-03-17","PerupSanctuary",0.301,"18596ANEAA","N14",1,8.75,"F","A","2022-03-17",8
"483","2022-03-17","PerupSanctuary",0.301,"17013ANEAA","O15",1,4,"M","A","2022-03-17",24
"484","2022-03-17","PerupSanctuary",0.301,"18612ANEAA","M18",1,7,"M","A","2022-03-17",10
"485","2022-03-17","PerupSanctuary",0.301,"15584ANEAA","N17",1,4.75,"M","A","2022-03-17",23
"486","2022-03-17","PerupSanctuary",0.301,"18622ANEAA","M19",1,4.5,"F","A","2022-03-17",8
"487","2022-03-17","PerupSanctuary",0.301,"16897ANEAA","L19",1,5,"F","A","2022-03-17",15
"488","2022-03-17","PerupSanctuary",0.301,"15135ANEAA","O11",1,5,"M","A","2022-03-17",37
"489","2022-03-17","PerupSanctuary",0.301,"18283ANEAA","L17",1,4,"F","A","2022-03-17",14
"490","2022-03-17","PerupSanctuary",0.301,"18289ANEAA",NA,0,3.5,"F","A","2022-03-15",6
"491","2022-03-17","PerupSanctuary",0.301,"19306ANEAA",NA,0,2,"M","S","2022-03-16",1
"492","2022-03-17","PerupSanctuary",0.301,"17951ANEAA","F15",1,9.33333333333333,"M","A","2022-03-17",6
"493","2022-03-17","PerupSanctuary",0.301,"19315ANEAA",NA,0,8,"F","A","2022-03-16",1
"494","2022-03-17","PerupSanctuary",0.301,"19320ANEAA",NA,0,5,"M","A","2022-03-16",1
"495","2022-03-17","PerupSanctuary",0.301,"19321ANEAA",NA,0,6,"F","A","2022-03-16",1
"496","2022-03-17","PerupSanctuary",0.301,"19309ANEAA","H12",1,10,"M","A","2022-03-17",2
"497","2022-03-17","PerupSanctuary",0.301,"19307ANEAA",NA,0,7.5,"F","A","2022-03-16",1
"498","2022-03-17","PerupSanctuary",0.301,"19314ANEAA","G14",1,6.33333333333333,"F","A","2022-03-17",2
"499","2022-03-17","PerupSanctuary",0.301,"19317ANEAA","G18",1,8,"M","A","2022-03-17",2
"500","2022-03-17","PerupSanctuary",0.301,"17961ANEAA","G15",1,5.33333333333333,"F","A","2022-03-17",10
"501","2022-03-17","PerupSanctuary",0.301,"19316ANEAA",NA,0,3,"M","S","2022-03-16",1
"502","2022-03-17","PerupSanctuary",0.301,"18637ANEAA",NA,0,3,"F","A","2022-03-16",6
"503","2022-03-17","PerupSanctuary",0.301,"17950ANEAA","J11",1,3,"F","A","2022-03-17",14
"504","2022-03-17","PerupSanctuary",0.301,"19318ANEAA","H17",1,3,"F","S","2022-03-17",2
"505","2022-03-17","PerupSanctuary",0.301,"19322ANEAA","H20",1,7,"M","A","2022-03-17",2
"506","2022-03-17","PerupSanctuary",0.301,"19313ANEAA",NA,0,7,"M","A","2022-03-16",1
"507","2022-03-17","PerupSanctuary",0.301,"18995ANEAA",NA,0,4.5,"F","A","2022-03-16",4
"508","2022-03-17","PerupSanctuary",0.301,"17023ANEAA","I19",1,2,"F","A","2022-03-17",24
"509","2022-03-17","PerupSanctuary",0.301,"19323ANEAA","K20",1,3,"F","A","2022-03-17",2
"510","2022-03-17","PerupSanctuary",0.301,"19310ANEAA","M13",1,7.33333333333333,"M","A","2022-03-17",2
"511","2022-03-17","PerupSanctuary",0.301,"19311ANEAA","L13",1,7,"F","A","2022-03-17",2
"512","2022-03-17","PerupSanctuary",0.301,"18996ANEAA",NA,0,7,"M","A","2022-03-16",4
"513","2022-03-17","PerupSanctuary",0.301,"19319ANEAA",NA,0,6.5,"F","A","2022-03-16",1
"514","2022-03-17","PerupSanctuary",0.301,"19312ANEAA","O12",1,5.5,"M","A","2022-03-17",2
"515","2022-03-17","PerupSanctuary",0.301,"19308ANEAA",NA,0,6.5,"M","A","2022-03-16",1
"516","2022-03-17","PerupSanctuary",0.301,"19324ANEAA","M20",1,4,"M","A","2022-03-17",2
"517","2022-03-17","PerupSanctuary",0.301,"18600ANEAA",NA,0,8,"F","A","2022-03-16",4
"518","2022-03-17","PerupSanctuary",0.301,"18994ANEAA","O18",1,6,"F","A","2022-03-17",5
"519","2022-03-17","PerupSanctuary",0.301,"19014ANEAA","N20",1,6,"F","A","2022-03-17",3
"520","2022-03-17","PerupSanctuary",0.301,"19328ANEAA","F11",1,10,"M","A","2022-03-17",1
"521","2022-03-17","PerupSanctuary",0.301,"19297ANEAA","F12",1,2,"M","S","2022-03-17",2
"522","2022-03-17","PerupSanctuary",0.301,"19297ANEAA","F12",1,2,"M","S","2022-03-17",2
"523","2022-03-17","PerupSanctuary",0.301,"19297ANEAA","F12",1,2,"M","S","2022-03-17",2
"524","2022-03-17","PerupSanctuary",0.301,"19297ANEAA","F12",1,2,"M","S","2022-03-17",2
"525","2022-03-17","PerupSanctuary",0.301,"19336ANEAA","F13",1,9,"F","A","2022-03-17",1
"526","2022-03-17","PerupSanctuary",0.301,"19330ANEAA","F16",1,8,"M","A","2022-03-17",1
"527","2022-03-17","PerupSanctuary",0.301,"19340ANEAA","F17",1,4,"F","A","2022-03-17",1
"528","2022-03-17","PerupSanctuary",0.301,"19335ANEAA","G13",1,5,"M","A","2022-03-17",1
"529","2022-03-17","PerupSanctuary",0.301,"19331ANEAA","G16",1,8.5,"F","A","2022-03-17",1
"530","2022-03-17","PerupSanctuary",0.301,"19339ANEAA","G17",1,6,"F","S","2022-03-17",1
"531","2022-03-17","PerupSanctuary",0.301,"17398ANEAA","G19",1,4.5,"M","A","2022-03-17",17
"532","2022-03-17","PerupSanctuary",0.301,"19325ANEAA","G20",1,3,"F","A","2022-03-17",1
"533","2022-03-17","PerupSanctuary",0.301,"19341ANEAA","I18",1,2.5,"F","A","2022-03-17",1
"534","2022-03-17","PerupSanctuary",0.301,"19338ANEAA","J13",1,7,"F","A","2022-03-17",1
"535","2022-03-17","PerupSanctuary",0.301,"19327ANEAA","J19",1,3.5,"F","A","2022-03-17",1
"536","2022-03-17","PerupSanctuary",0.301,"19337ANEAA","L14",1,9,"M","A","2022-03-17",1
"537","2022-03-17","PerupSanctuary",0.301,"19017ANEAA","L20",1,3,"M","A","2022-03-17",2
"538","2022-03-17","PerupSanctuary",0.301,"17381ANEAA","M15",1,3,"F","A","2022-03-17",20
"539","2022-03-17","PerupSanctuary",0.301,"19332ANEAA","O16",1,8,"M","S","2022-03-17",1
"540","2022-03-18","PerupSanctuary",0.301,"16939ANEAA",NA,0,9.33333333333333,"M","A","2022-03-17",5
"541","2022-03-18","PerupSanctuary",0.301,"19305ANEAA","F17",1,8,"F","A","2022-03-18",3
"542","2022-03-18","PerupSanctuary",0.301,"19010ANEAA",NA,0,4.5,"F","A","2022-03-17",3
"543","2022-03-18","PerupSanctuary",0.301,"17999ANEAA","G12",1,3,"F","A","2022-03-18",6
"544","2022-03-18","PerupSanctuary",0.301,"19298ANEAA","G11",1,9.5,"F","A","2022-03-18",2
"545","2022-03-18","PerupSanctuary",0.301,"18248ANEAA","I15",1,2.5,"F","A","2022-03-18",14
"546","2022-03-18","PerupSanctuary",0.301,"16862ANEAA",NA,0,4.66666666666667,"F","A","2022-03-17",7
"547","2022-03-18","PerupSanctuary",0.301,"19303ANEAA","I16",1,2.66666666666667,"M","S","2022-03-18",3
"548","2022-03-18","PerupSanctuary",0.301,"19296ANEAA","J17",1,4.5,"F","A","2022-03-18",2
"549","2022-03-18","PerupSanctuary",0.301,"17400ANEAA",NA,0,7.33333333333333,"M","A","2022-03-17",19
"550","2022-03-18","PerupSanctuary",0.301,"19299ANEAA","F12",1,4.66666666666667,"F","A","2022-03-18",3
"551","2022-03-18","PerupSanctuary",0.301,"18628ANEAA","I19",1,2.66666666666667,"F","A","2022-03-18",6
"552","2022-03-18","PerupSanctuary",0.301,"17039ANEAA","L19",1,6.25,"M","A","2022-03-18",18
"553","2022-03-18","PerupSanctuary",0.301,"17406ANEAA","I18",1,3.66666666666667,"F","A","2022-03-18",8
"554","2022-03-18","PerupSanctuary",0.301,"17367ANEAA",NA,0,5.33333333333333,"M","A","2022-03-17",18
"555","2022-03-18","PerupSanctuary",0.301,"17397ANEAA","J11",1,5.66666666666667,"F","A","2022-03-18",11
"556","2022-03-18","PerupSanctuary",0.301,"19300ANEAA","J15",1,8.5,"M","A","2022-03-18",4
"557","2022-03-18","PerupSanctuary",0.301,"19020ANEAA",NA,0,7.33333333333333,"F","A","2022-03-17",4
"558","2022-03-18","PerupSanctuary",0.301,"14962ANEAA",NA,0,2,"M","A","2022-03-17",18
"559","2022-03-18","PerupSanctuary",0.301,"15631ANEAA","J18",1,4.25,"M","A","2022-03-18",21
"560","2022-03-18","PerupSanctuary",0.301,"18609ANEAA",NA,0,3,"F","A","2022-03-17",10
"561","2022-03-18","PerupSanctuary",0.301,"19304ANEAA","J20",1,1,"F","S","2022-03-18",3
"562","2022-03-18","PerupSanctuary",0.301,"18998ANEAA",NA,0,7,"M","A","2022-03-16",4
"563","2022-03-18","PerupSanctuary",0.301,"19025ANEAA","L13",1,9.33333333333333,"F","A","2022-03-18",4
"564","2022-03-18","PerupSanctuary",0.301,"19302ANEAA","I14",1,6,"F","S","2022-03-18",3
"565","2022-03-18","PerupSanctuary",0.301,"19301ANEAA","J16",1,6,"F","A","2022-03-18",4
"566","2022-03-18","PerupSanctuary",0.301,"18610ANEAA","K15",1,7.33333333333333,"M","A","2022-03-18",11
"567","2022-03-18","PerupSanctuary",0.301,"16967ANEAA","K17",1,5.5,"M","A","2022-03-18",29
"568","2022-03-18","PerupSanctuary",0.301,"15150ANEAA","M13",1,7.75,"M","A","2022-03-18",40
"569","2022-03-18","PerupSanctuary",0.301,"17873ANEAA",NA,0,7,"F","A","2022-03-15",17
"570","2022-03-18","PerupSanctuary",0.301,"16962ANEAA",NA,0,5,"M","A","2022-03-15",18
"571","2022-03-18","PerupSanctuary",0.301,"13785ANEAA","M15",1,6.25,"M","A","2022-03-18",41
"572","2022-03-18","PerupSanctuary",0.301,"17388ANEAA","M16",1,7,"M","A","2022-03-18",24
"573","2022-03-18","PerupSanctuary",0.301,"18611ANEAA","M19",1,5,"F","A","2022-03-18",10
"574","2022-03-18","PerupSanctuary",0.301,"18629ANEAA",NA,0,7.66666666666667,"M","A","2022-03-17",6
"575","2022-03-18","PerupSanctuary",0.301,"16918ANEAA","O13",1,10,"F","A","2022-03-18",8
"576","2022-03-18","PerupSanctuary",0.301,"18596ANEAA","N12",1,8.75,"F","A","2022-03-18",9
"577","2022-03-18","PerupSanctuary",0.301,"17013ANEAA","O16",1,4,"M","A","2022-03-18",25
"578","2022-03-18","PerupSanctuary",0.301,"18612ANEAA","O17",1,7,"M","A","2022-03-18",11
"579","2022-03-18","PerupSanctuary",0.301,"15584ANEAA","O18",1,4.75,"M","A","2022-03-18",24
"580","2022-03-18","PerupSanctuary",0.301,"18622ANEAA","N20",1,4.5,"F","A","2022-03-18",9
"581","2022-03-18","PerupSanctuary",0.301,"16897ANEAA","M20",1,5,"F","A","2022-03-18",16
"582","2022-03-18","PerupSanctuary",0.301,"15135ANEAA","O11",1,5,"M","A","2022-03-18",38
"583","2022-03-18","PerupSanctuary",0.301,"18283ANEAA",NA,0,4,"F","A","2022-03-17",14
"584","2022-03-18","PerupSanctuary",0.301,"18289ANEAA","M18",1,3.5,"F","A","2022-03-18",7
"585","2022-03-18","PerupSanctuary",0.301,"19306ANEAA",NA,0,2,"M","S","2022-03-16",1
"586","2022-03-18","PerupSanctuary",0.301,"17951ANEAA","F13",1,9.33333333333333,"M","A","2022-03-18",7
"587","2022-03-18","PerupSanctuary",0.301,"19315ANEAA",NA,0,8,"F","A","2022-03-16",1
"588","2022-03-18","PerupSanctuary",0.301,"19320ANEAA","F18",1,5,"M","A","2022-03-18",2
"589","2022-03-18","PerupSanctuary",0.301,"19321ANEAA",NA,0,6,"F","A","2022-03-16",1
"590","2022-03-18","PerupSanctuary",0.301,"19309ANEAA","G16",1,10,"M","A","2022-03-18",3
"591","2022-03-18","PerupSanctuary",0.301,"19307ANEAA","H13",1,7.5,"F","A","2022-03-18",2
"592","2022-03-18","PerupSanctuary",0.301,"19314ANEAA","H14",1,6.33333333333333,"F","A","2022-03-18",3
"593","2022-03-18","PerupSanctuary",0.301,"19317ANEAA",NA,0,8,"M","A","2022-03-17",2
"594","2022-03-18","PerupSanctuary",0.301,"17961ANEAA","G14",1,5.33333333333333,"F","A","2022-03-18",11
"595","2022-03-18","PerupSanctuary",0.301,"19316ANEAA","G20",1,3,"M","S","2022-03-18",2
"596","2022-03-18","PerupSanctuary",0.301,"18637ANEAA","L17",1,3,"F","A","2022-03-18",7
"597","2022-03-18","PerupSanctuary",0.301,"17950ANEAA","H11",1,3,"F","A","2022-03-18",15
"598","2022-03-18","PerupSanctuary",0.301,"19318ANEAA",NA,0,3,"F","S","2022-03-17",2
"599","2022-03-18","PerupSanctuary",0.301,"19322ANEAA",NA,0,7,"M","A","2022-03-17",2
"600","2022-03-18","PerupSanctuary",0.301,"19313ANEAA","I11",1,7,"M","A","2022-03-18",2
"601","2022-03-18","PerupSanctuary",0.301,"18995ANEAA","L18",1,4.5,"F","A","2022-03-18",5
"602","2022-03-18","PerupSanctuary",0.301,"17023ANEAA","I20",1,2,"F","A","2022-03-18",25
"603","2022-03-18","PerupSanctuary",0.301,"19323ANEAA",NA,0,3,"F","A","2022-03-17",2
"604","2022-03-18","PerupSanctuary",0.301,"19310ANEAA","K13",1,7.33333333333333,"M","A","2022-03-18",3
"605","2022-03-18","PerupSanctuary",0.301,"19311ANEAA","L12",1,7,"F","A","2022-03-18",3
"606","2022-03-18","PerupSanctuary",0.301,"18996ANEAA",NA,0,7,"M","A","2022-03-16",4
"607","2022-03-18","PerupSanctuary",0.301,"19319ANEAA","N18",1,6.5,"F","A","2022-03-18",2
"608","2022-03-18","PerupSanctuary",0.301,"19312ANEAA",NA,0,5.5,"M","A","2022-03-17",2
"609","2022-03-18","PerupSanctuary",0.301,"19308ANEAA","O14",1,6.5,"M","A","2022-03-18",2
"610","2022-03-18","PerupSanctuary",0.301,"19324ANEAA",NA,0,4,"M","A","2022-03-17",2
"611","2022-03-18","PerupSanctuary",0.301,"18600ANEAA",NA,0,8,"F","A","2022-03-16",4
"612","2022-03-18","PerupSanctuary",0.301,"18994ANEAA","N19",1,6,"F","A","2022-03-18",6
"613","2022-03-18","PerupSanctuary",0.301,"19014ANEAA","O19",1,6,"F","A","2022-03-18",4
"614","2022-03-18","PerupSanctuary",0.301,"19328ANEAA",NA,0,10,"M","A","2022-03-17",1
"615","2022-03-18","PerupSanctuary",0.301,"19297ANEAA","F11",1,2,"M","S","2022-03-18",3
"616","2022-03-18","PerupSanctuary",0.301,"19336ANEAA",NA,0,9,"F","A","2022-03-17",1
"617","2022-03-18","PerupSanctuary",0.301,"19330ANEAA",NA,0,8,"M","A","2022-03-17",1
"618","2022-03-18","PerupSanctuary",0.301,"19340ANEAA",NA,0,4,"F","A","2022-03-17",1
"619","2022-03-18","PerupSanctuary",0.301,"19335ANEAA","G17",1,5,"M","A","2022-03-18",2
"620","2022-03-18","PerupSanctuary",0.301,"19331ANEAA","H15",1,8.5,"F","A","2022-03-18",2
"621","2022-03-18","PerupSanctuary",0.301,"19339ANEAA",NA,0,6,"F","S","2022-03-17",1
"622","2022-03-18","PerupSanctuary",0.301,"17398ANEAA","H20",1,4.5,"M","A","2022-03-18",18
"623","2022-03-18","PerupSanctuary",0.301,"19325ANEAA",NA,0,3,"F","A","2022-03-17",1
"624","2022-03-18","PerupSanctuary",0.301,"19341ANEAA","J19",1,2.5,"F","A","2022-03-18",2
"625","2022-03-18","PerupSanctuary",0.301,"19338ANEAA","J14",1,7,"F","A","2022-03-18",2
"626","2022-03-18","PerupSanctuary",0.301,"19327ANEAA","K20",1,3.5,"F","A","2022-03-18",2
"627","2022-03-18","PerupSanctuary",0.301,"19337ANEAA","K14",1,9,"M","A","2022-03-18",2
"628","2022-03-18","PerupSanctuary",0.301,"19017ANEAA",NA,0,3,"M","A","2022-03-17",2
"629","2022-03-18","PerupSanctuary",0.301,"17381ANEAA","N14",1,3,"F","A","2022-03-18",21
"630","2022-03-18","PerupSanctuary",0.301,"19332ANEAA",NA,0,8,"M","S","2022-03-17",1
"631","2022-03-18","PerupSanctuary",0.301,"19344ANEAA","F15",1,7,"F","A","2022-03-18",1
"632","2022-03-18","PerupSanctuary",0.301,"19345ANEAA","F16",1,6,"M","S","2022-03-18",1
"633","2022-03-18","PerupSanctuary",0.301,"19333ANEAA","G13",1,6,"F","S","2022-03-18",1
"634","2022-03-18","PerupSanctuary",0.301,"19348ANEAA","G18",1,2,"F","S","2022-03-18",1
"635","2022-03-18","PerupSanctuary",0.301,"19350ANEAA","K12",1,9,"M","A","2022-03-18",1
"636","2022-03-18","PerupSanctuary",0.301,"19351ANEAA","M12",1,5,"M","S","2022-03-18",1
"637","2022-03-18","PerupSanctuary",0.301,"19342ANEAA","N13",1,6,"F","A","2022-03-18",1
"638","2022-03-18","PerupSanctuary",0.301,"19349ANEAA","N17",1,5,"M","S","2022-03-18",1
"639","2022-03-18","PerupSanctuary",0.301,"19346ANEAA","O15",1,4,"M","A","2022-03-18",1
"640","2022-10-10","DNWS",0.211,"6268ANHAA","A2",1,8,"F","A","2022-10-10",3
"641","2022-10-10","DNWS",0.211,"6240ANHAA","A4",1,3.66666666666667,"M","A","2022-10-10",4
"642","2022-10-10","DNWS",0.211,"6218ANHAA","A6",1,5,"M","A","2022-10-10",3
"643","2022-10-10","DNWS",0.211,"5712ANHAA","A7",1,4,"M","A","2022-10-10",7
"644","2022-10-10","DNWS",0.211,"5586ANHAA","B1",1,8,"F","A","2022-10-10",2
"645","2022-10-10","DNWS",0.211,"6217ANHAA","B6",1,4,"F","A","2022-10-10",5
"646","2022-10-10","DNWS",0.211,"5701ANHAA","B7",1,4,"F","A","2022-10-10",6
"647","2022-10-10","DNWS",0.211,"5990ANHAA","B8",1,4,"M","A","2022-10-10",4
"648","2022-10-10","DNWS",0.211,"5969ANHAA","C1",1,4.33333333333333,"M","A","2022-10-10",5
"649","2022-10-10","DNWS",0.211,"6246ANHAA","C2",1,7.5,"F","A","2022-10-10",2
"650","2022-10-10","DNWS",0.211,"6257ANHAA","C3",1,8.5,"F","A","2022-10-10",3
"651","2022-10-10","DNWS",0.211,"6504ANHAA","C4",1,7,"F","A","2022-10-10",1
"652","2022-10-10","DNWS",0.211,"5968ANHAA","C8",1,4,"M","A","2022-10-10",4
"653","2022-10-10","DNWS",0.211,"6503ANHAA","D1",1,7,"M","A","2022-10-10",1
"654","2022-10-10","DNWS",0.211,"5994ANHAA","D2",1,6.66666666666667,"F","A","2022-10-10",3
"655","2022-10-10","DNWS",0.211,"5994ANHAA","D2",1,6.66666666666667,"F","A","2022-10-10",3
"656","2022-10-10","DNWS",0.211,"5994ANHAA","D2",1,6.66666666666667,"F","A","2022-10-10",3
"657","2022-10-10","DNWS",0.211,"5994ANHAA","D2",1,6.66666666666667,"F","A","2022-10-10",3
"658","2022-10-10","DNWS",0.211,"6222ANHAA","D3",1,7.75,"M","A","2022-10-10",5
"659","2022-10-10","DNWS",0.211,"6222ANHAA","D3",1,7.75,"M","A","2022-10-10",5
"660","2022-10-10","DNWS",0.211,"6222ANHAA","D3",1,7.75,"M","A","2022-10-10",5
"661","2022-10-10","DNWS",0.211,"6222ANHAA","D3",1,7.75,"M","A","2022-10-10",5
"662","2022-10-10","DNWS",0.211,"6265ANHAA","D6",1,6,"F","A","2022-10-10",3
"663","2022-10-10","DNWS",0.211,"5944ANHAA","D7",1,6.5,"F","A","2022-10-10",6
"664","2022-10-10","DNWS",0.211,"6284ANHAA","D8",1,3.5,"M","A","2022-10-10",2
"665","2022-10-10","DNWS",0.211,"6506ANHAA","E1",1,13,"M","A","2022-10-10",1
"666","2022-10-10","DNWS",0.211,"6509ANHAA","E2",1,9,"F","A","2022-10-10",1
"667","2022-10-10","DNWS",0.211,"5706ANHAA","E3",1,7,"M","A","2022-10-10",8
"668","2022-10-10","DNWS",0.211,"6513ANHAA","E5",1,10,"M","A","2022-10-10",1
"669","2022-10-10","DNWS",0.211,"6522ANHAA","E6",1,6.5,"M","A","2022-10-10",1
"670","2022-10-10","DNWS",0.211,"6235ANHAA","E8",1,5.66666666666667,"M","A","2022-10-10",4
"671","2022-10-10","DNWS",0.211,"6225ANHAA","F2",1,9,"F","A","2022-10-10",4
"672","2022-10-10","DNWS",0.211,"5978ANHAA","F3",1,5,"M","A","2022-10-10",5
"673","2022-10-10","DNWS",0.211,"5961ANHAA","F4",1,3.66666666666667,"M","A","2022-10-10",5
"674","2022-10-10","DNWS",0.211,"6264ANHAA","F6",1,5,"F","A","2022-10-10",3
"675","2022-10-10","DNWS",0.211,"6519ANHAA","F7",1,4.5,"M","A","2022-10-10",1
"676","2022-10-10","DNWS",0.211,"6520ANHAA","F8",1,0,"M","A","2022-10-10",1
"677","2022-10-10","DNWS",0.211,"6002ANHAA","G2",1,7.33333333333333,"M","A","2022-10-10",4
"678","2022-10-10","DNWS",0.211,"6511ANHAA","G3",1,7,"M","A","2022-10-10",1
"679","2022-10-10","DNWS",0.211,"6512ANHAA","G4",1,5,"F","A","2022-10-10",1
"680","2022-10-10","DNWS",0.211,"6253ANHAA","G6",1,6,"F","A","2022-10-10",3
"681","2022-10-10","DNWS",0.211,"6254ANHAA","G7",1,6,"M","A","2022-10-10",3
"682","2022-10-10","DNWS",0.211,"6521ANHAA","G8",1,6,"M","A","2022-10-10",1
"683","2022-10-10","DNWS",0.211,"6507ANHAA","H1",1,4,"F","A","2022-10-10",1
"684","2022-10-10","DNWS",0.211,"6508ANHAA","H2",1,4.5,"F","A","2022-10-10",1
"685","2022-10-10","DNWS",0.211,"6227ANHAA","H3",1,6.5,"M","A","2022-10-10",4
"686","2022-10-10","DNWS",0.211,"5707ANHAA","H4",1,7,"F","A","2022-10-10",5
"687","2022-10-10","DNWS",0.211,"5565ANHAA","H6",1,6.33333333333333,"M","A","2022-10-10",5
"688","2022-10-10","DNWS",0.211,"6252ANHAA","H7",1,6,"F","A","2022-10-10",3
"689","2022-10-11","DNWS",0.211,"6268ANHAA","B2",1,8,"F","A","2022-10-11",4
"690","2022-10-11","DNWS",0.211,"6240ANHAA","B4",1,3.66666666666667,"M","A","2022-10-11",5
"691","2022-10-11","DNWS",0.211,"6218ANHAA",NA,0,5,"M","A","2022-10-10",3
"692","2022-10-11","DNWS",0.211,"5712ANHAA","B6",1,4,"M","A","2022-10-11",8
"693","2022-10-11","DNWS",0.211,"5586ANHAA",NA,0,8,"F","A","2022-10-10",2
"694","2022-10-11","DNWS",0.211,"6217ANHAA","B5",1,4,"F","A","2022-10-11",6
"695","2022-10-11","DNWS",0.211,"5701ANHAA",NA,0,4,"F","A","2022-10-10",6
"696","2022-10-11","DNWS",0.211,"5990ANHAA",NA,0,4,"M","A","2022-10-10",4
"697","2022-10-11","DNWS",0.211,"5969ANHAA","B3",1,4.33333333333333,"M","A","2022-10-11",6
"698","2022-10-11","DNWS",0.211,"6246ANHAA","B1",1,7.5,"F","A","2022-10-11",3
"699","2022-10-11","DNWS",0.211,"6257ANHAA","D2",1,8.5,"F","A","2022-10-11",4
"700","2022-10-11","DNWS",0.211,"6504ANHAA","C3",1,7,"F","A","2022-10-11",2
"701","2022-10-11","DNWS",0.211,"5968ANHAA","D7",1,4,"M","A","2022-10-11",5
"702","2022-10-11","DNWS",0.211,"6503ANHAA",NA,0,7,"M","A","2022-10-10",1
"703","2022-10-11","DNWS",0.211,"5994ANHAA","C4",1,6.66666666666667,"F","A","2022-10-11",4
"704","2022-10-11","DNWS",0.211,"6222ANHAA","C2",1,7.75,"M","A","2022-10-11",6
"705","2022-10-11","DNWS",0.211,"6265ANHAA",NA,0,6,"F","A","2022-10-10",3
"706","2022-10-11","DNWS",0.211,"5944ANHAA","D8",1,6.5,"F","A","2022-10-11",7
"707","2022-10-11","DNWS",0.211,"6284ANHAA",NA,0,3.5,"M","A","2022-10-10",2
"708","2022-10-11","DNWS",0.211,"6506ANHAA",NA,0,13,"M","A","2022-10-10",1
"709","2022-10-11","DNWS",0.211,"6509ANHAA",NA,0,9,"F","A","2022-10-10",1
"710","2022-10-11","DNWS",0.211,"5706ANHAA","E5",1,7,"M","A","2022-10-11",9
"711","2022-10-11","DNWS",0.211,"6513ANHAA",NA,0,10,"M","A","2022-10-10",1
"712","2022-10-11","DNWS",0.211,"6522ANHAA","C8",1,6.5,"M","A","2022-10-11",2
"713","2022-10-11","DNWS",0.211,"6235ANHAA","E7",1,5.66666666666667,"M","A","2022-10-11",5
"714","2022-10-11","DNWS",0.211,"6225ANHAA","F3",1,9,"F","A","2022-10-11",5
"715","2022-10-11","DNWS",0.211,"5978ANHAA","H6",1,5,"M","A","2022-10-11",6
"716","2022-10-11","DNWS",0.211,"5961ANHAA","H4",1,3.66666666666667,"M","A","2022-10-11",6
"717","2022-10-11","DNWS",0.211,"6264ANHAA",NA,0,5,"F","A","2022-10-10",3
"718","2022-10-11","DNWS",0.211,"6519ANHAA","F7",1,4.5,"M","A","2022-10-11",2
"719","2022-10-11","DNWS",0.211,"6520ANHAA",NA,0,0,"M","A","2022-10-10",1
"720","2022-10-11","DNWS",0.211,"6002ANHAA","F2",1,7.33333333333333,"M","A","2022-10-11",5
"721","2022-10-11","DNWS",0.211,"6511ANHAA",NA,0,7,"M","A","2022-10-10",1
"722","2022-10-11","DNWS",0.211,"6512ANHAA",NA,0,5,"F","A","2022-10-10",1
"723","2022-10-11","DNWS",0.211,"6253ANHAA",NA,0,6,"F","A","2022-10-10",3
"724","2022-10-11","DNWS",0.211,"6254ANHAA",NA,0,6,"M","A","2022-10-10",3
"725","2022-10-11","DNWS",0.211,"6521ANHAA",NA,0,6,"M","A","2022-10-10",1
"726","2022-10-11","DNWS",0.211,"6507ANHAA",NA,0,4,"F","A","2022-10-10",1
"727","2022-10-11","DNWS",0.211,"6508ANHAA",NA,0,4.5,"F","A","2022-10-10",1
"728","2022-10-11","DNWS",0.211,"6227ANHAA",NA,0,6.5,"M","A","2022-10-10",4
"729","2022-10-11","DNWS",0.211,"5707ANHAA",NA,0,7,"F","A","2022-10-10",5
"730","2022-10-11","DNWS",0.211,"5565ANHAA","G6",1,6.33333333333333,"M","A","2022-10-11",6
"731","2022-10-11","DNWS",0.211,"6252ANHAA",NA,0,6,"F","A","2022-10-10",3
"732","2022-10-11","DNWS",0.211,"6275ANHAA","A1",1,6,"F","A","2022-10-11",2
"733","2022-10-11","DNWS",0.211,"5945ANHAA","A2",1,6,"M","A","2022-10-11",4
"734","2022-10-11","DNWS",0.211,"6266ANHAA","A3",1,6,"M","A","2022-10-11",3
"735","2022-10-11","DNWS",0.211,"6531ANHAA","A4",1,6,"M","A","2022-10-11",1
"736","2022-10-11","DNWS",0.211,"6259ANHAA","A5",1,3,"M","A","2022-10-11",2
"737","2022-10-11","DNWS",0.211,"6526ANHAA","A8",1,7,"M","A","2022-10-11",1
"738","2022-10-11","DNWS",0.211,"6525ANHAA","B8",1,6,"F","A","2022-10-11",1
"739","2022-10-11","DNWS",0.211,"5935ANHAA","C1",1,5,"M","A","2022-10-11",5
"740","2022-10-11","DNWS",0.211,"5692ANHAA","C5",1,6,"M","A","2022-10-11",1
"741","2022-10-11","DNWS",0.211,"6249ANHAA","C6",1,3,"F","A","2022-10-11",4
"742","2022-10-11","DNWS",0.211,"6524ANHAA","C7",1,0,"F","A","2022-10-11",1
"743","2022-10-11","DNWS",0.211,"6242ANHAA","D1",1,10,"F","A","2022-10-11",2
"744","2022-10-11","DNWS",0.211,"6518ANHAA","D3",1,6,"M","S","2022-10-11",1
"745","2022-10-11","DNWS",0.211,"6523ANHAA","D6",1,7,"M","A","2022-10-11",1
"746","2022-10-11","DNWS",0.211,"6514ANHAA","E2",1,8,"M","A","2022-10-11",1
"747","2022-10-11","DNWS",0.211,"5950ANHAA","E4",1,2,"F","A","2022-10-11",7
"748","2022-10-11","DNWS",0.211,"6530ANHAA","E6",1,6,"F","A","2022-10-11",1
"749","2022-10-11","DNWS",0.211,"6527ANHAA","E8",1,2,"M","S","2022-10-11",1
"750","2022-10-11","DNWS",0.211,"6515ANHAA","F4",1,1,"M","A","2022-10-11",1
"751","2022-10-11","DNWS",0.211,"6234ANHAA","F6",1,2,"F","A","2022-10-11",4
"752","2022-10-11","DNWS",0.211,"6528ANHAA","F8",1,2,"M","A","2022-10-11",1
"753","2022-10-11","DNWS",0.211,"6244ANHAA","G2",1,8,"F","A","2022-10-11",2
"754","2022-10-11","DNWS",0.211,"5930ANHAA","G3",1,5,"M","A","2022-10-11",2
"755","2022-10-11","DNWS",0.211,"6516ANHAA","G4",1,3,"F","A","2022-10-11",1
"756","2022-10-11","DNWS",0.211,"5977ANHAA","G5",1,7,"M","A","2022-10-11",5
"757","2022-10-11","DNWS",0.211,"6250ANHAA","G7",1,2,"M","A","2022-10-11",3
"758","2022-10-11","DNWS",0.211,"6529ANHAA","G8",1,5,"F","A","2022-10-11",1
"759","2022-10-11","DNWS",0.211,"6229ANHAA","H1",1,1.5,"M","A","2022-10-11",4
"760","2022-10-11","DNWS",0.211,"6533ANHAA","H2",1,5,"F","A","2022-10-11",1
"761","2022-10-11","DNWS",0.211,"6230ANHAA","H3",1,2,"F","A","2022-10-11",2
"762","2022-10-11","DNWS",0.211,"6517ANHAA","H5",1,4,"F","A","2022-10-11",1
"763","2022-10-11","DNWS",0.211,"5731ANHAA","H7",1,6,"F","A","2022-10-11",3
"764","2022-10-12","DNWS",0.211,"6268ANHAA","B1",1,8,"F","A","2022-10-12",5
"765","2022-10-12","DNWS",0.211,"6240ANHAA","A4",1,3.66666666666667,"M","A","2022-10-12",6
"766","2022-10-12","DNWS",0.211,"6218ANHAA",NA,0,5,"M","A","2022-10-10",3
"767","2022-10-12","DNWS",0.211,"5712ANHAA","B7",1,4,"M","A","2022-10-12",9
"768","2022-10-12","DNWS",0.211,"5586ANHAA",NA,0,8,"F","A","2022-10-10",2
"769","2022-10-12","DNWS",0.211,"6217ANHAA",NA,0,4,"F","A","2022-10-11",6
"770","2022-10-12","DNWS",0.211,"5701ANHAA",NA,0,4,"F","A","2022-10-10",6
"771","2022-10-12","DNWS",0.211,"5990ANHAA",NA,0,4,"M","A","2022-10-10",4
"772","2022-10-12","DNWS",0.211,"5969ANHAA","E2",1,4.33333333333333,"M","A","2022-10-12",7
"773","2022-10-12","DNWS",0.211,"6246ANHAA",NA,0,7.5,"F","A","2022-10-11",3
"774","2022-10-12","DNWS",0.211,"6257ANHAA",NA,0,8.5,"F","A","2022-10-11",4
"775","2022-10-12","DNWS",0.211,"6504ANHAA",NA,0,7,"F","A","2022-10-11",2
"776","2022-10-12","DNWS",0.211,"5968ANHAA",NA,0,4,"M","A","2022-10-11",5
"777","2022-10-12","DNWS",0.211,"6503ANHAA","C1",1,7,"M","A","2022-10-12",2
"778","2022-10-12","DNWS",0.211,"5994ANHAA",NA,0,6.66666666666667,"F","A","2022-10-11",4
"779","2022-10-12","DNWS",0.211,"6222ANHAA","D2",1,7.75,"M","A","2022-10-12",7
"780","2022-10-12","DNWS",0.211,"6265ANHAA","C5",1,6,"F","A","2022-10-12",4
"781","2022-10-12","DNWS",0.211,"5944ANHAA",NA,0,6.5,"F","A","2022-10-11",7
"782","2022-10-12","DNWS",0.211,"6284ANHAA","C8",1,3.5,"M","A","2022-10-12",3
"783","2022-10-12","DNWS",0.211,"6506ANHAA",NA,0,13,"M","A","2022-10-10",1
"784","2022-10-12","DNWS",0.211,"6509ANHAA",NA,0,9,"F","A","2022-10-10",1
"785","2022-10-12","DNWS",0.211,"5706ANHAA","E3",1,7,"M","A","2022-10-12",10
"786","2022-10-12","DNWS",0.211,"6513ANHAA",NA,0,10,"M","A","2022-10-10",1
"787","2022-10-12","DNWS",0.211,"6522ANHAA","G4",1,6.5,"M","A","2022-10-12",4
"788","2022-10-12","DNWS",0.211,"6522ANHAA","G4",1,6.5,"M","A","2022-10-12",4
"789","2022-10-12","DNWS",0.211,"6522ANHAA","G4",1,6.5,"M","A","2022-10-12",4
"790","2022-10-12","DNWS",0.211,"6522ANHAA","G4",1,6.5,"M","A","2022-10-12",4
"791","2022-10-12","DNWS",0.211,"6235ANHAA","F6",1,5.66666666666667,"M","A","2022-10-12",6
"792","2022-10-12","DNWS",0.211,"6225ANHAA",NA,0,9,"F","A","2022-10-11",5
"793","2022-10-12","DNWS",0.211,"5978ANHAA","H3",1,5,"M","A","2022-10-12",7
"794","2022-10-12","DNWS",0.211,"5961ANHAA","G6",1,3.66666666666667,"M","A","2022-10-12",7
"795","2022-10-12","DNWS",0.211,"6264ANHAA","H7",1,5,"F","A","2022-10-12",4
"796","2022-10-12","DNWS",0.211,"6519ANHAA",NA,0,4.5,"M","A","2022-10-11",2
"797","2022-10-12","DNWS",0.211,"6520ANHAA",NA,0,0,"M","A","2022-10-10",1
"798","2022-10-12","DNWS",0.211,"6002ANHAA","G3",1,7.33333333333333,"M","A","2022-10-12",6
"799","2022-10-12","DNWS",0.211,"6511ANHAA","F3",1,7,"M","A","2022-10-12",2
"800","2022-10-12","DNWS",0.211,"6512ANHAA","F4",1,5,"F","A","2022-10-12",2
"801","2022-10-12","DNWS",0.211,"6253ANHAA","H8",1,6,"F","A","2022-10-12",4
"802","2022-10-12","DNWS",0.211,"6254ANHAA",NA,0,6,"M","A","2022-10-10",3
"803","2022-10-12","DNWS",0.211,"6521ANHAA",NA,0,6,"M","A","2022-10-10",1
"804","2022-10-12","DNWS",0.211,"6507ANHAA",NA,0,4,"F","A","2022-10-10",1
"805","2022-10-12","DNWS",0.211,"6508ANHAA","H2",1,4.5,"F","A","2022-10-12",2
"806","2022-10-12","DNWS",0.211,"6227ANHAA","H4",1,6.5,"M","A","2022-10-12",5
"807","2022-10-12","DNWS",0.211,"5707ANHAA",NA,0,7,"F","A","2022-10-10",5
"808","2022-10-12","DNWS",0.211,"5565ANHAA","G7",1,6.33333333333333,"M","A","2022-10-12",7
"809","2022-10-12","DNWS",0.211,"6252ANHAA",NA,0,6,"F","A","2022-10-10",3
"810","2022-10-12","DNWS",0.211,"6275ANHAA",NA,0,6,"F","A","2022-10-11",2
"811","2022-10-12","DNWS",0.211,"5945ANHAA",NA,0,6,"M","A","2022-10-11",4
"812","2022-10-12","DNWS",0.211,"6266ANHAA",NA,0,6,"M","A","2022-10-11",3
"813","2022-10-12","DNWS",0.211,"6531ANHAA",NA,0,6,"M","A","2022-10-11",1
"814","2022-10-12","DNWS",0.211,"6259ANHAA",NA,0,3,"M","A","2022-10-11",2
"815","2022-10-12","DNWS",0.211,"6526ANHAA",NA,0,7,"M","A","2022-10-11",1
"816","2022-10-12","DNWS",0.211,"6525ANHAA",NA,0,6,"F","A","2022-10-11",1
"817","2022-10-12","DNWS",0.211,"5935ANHAA",NA,0,5,"M","A","2022-10-11",5
"818","2022-10-12","DNWS",0.211,"5692ANHAA",NA,0,6,"M","A","2022-10-11",1
"819","2022-10-12","DNWS",0.211,"6249ANHAA",NA,0,3,"F","A","2022-10-11",4
"820","2022-10-12","DNWS",0.211,"6524ANHAA",NA,0,0,"F","A","2022-10-11",1
"821","2022-10-12","DNWS",0.211,"6242ANHAA",NA,0,10,"F","A","2022-10-11",2
"822","2022-10-12","DNWS",0.211,"6518ANHAA","C2",1,6,"M","S","2022-10-12",2
"823","2022-10-12","DNWS",0.211,"6523ANHAA",NA,0,7,"M","A","2022-10-11",1
"824","2022-10-12","DNWS",0.211,"6514ANHAA",NA,0,8,"M","A","2022-10-11",1
"825","2022-10-12","DNWS",0.211,"5950ANHAA",NA,0,2,"F","A","2022-10-11",7
"826","2022-10-12","DNWS",0.211,"6530ANHAA",NA,0,6,"F","A","2022-10-11",1
"827","2022-10-12","DNWS",0.211,"6527ANHAA","D7",1,2,"M","S","2022-10-12",2
"828","2022-10-12","DNWS",0.211,"6515ANHAA",NA,0,1,"M","A","2022-10-11",1
"829","2022-10-12","DNWS",0.211,"6234ANHAA",NA,0,2,"F","A","2022-10-11",4
"830","2022-10-12","DNWS",0.211,"6528ANHAA",NA,0,2,"M","A","2022-10-11",1
"831","2022-10-12","DNWS",0.211,"6244ANHAA","F2",1,8,"F","A","2022-10-12",3
"832","2022-10-12","DNWS",0.211,"5930ANHAA",NA,0,5,"M","A","2022-10-11",2
"833","2022-10-12","DNWS",0.211,"6516ANHAA",NA,0,3,"F","A","2022-10-11",1
"834","2022-10-12","DNWS",0.211,"5977ANHAA",NA,0,7,"M","A","2022-10-11",5
"835","2022-10-12","DNWS",0.211,"6250ANHAA","F8",1,2,"M","A","2022-10-12",4
"836","2022-10-12","DNWS",0.211,"6529ANHAA",NA,0,5,"F","A","2022-10-11",1
"837","2022-10-12","DNWS",0.211,"6229ANHAA","D6",1,1.5,"M","A","2022-10-12",5
"838","2022-10-12","DNWS",0.211,"6533ANHAA",NA,0,5,"F","A","2022-10-11",1
"839","2022-10-12","DNWS",0.211,"6230ANHAA",NA,0,2,"F","A","2022-10-11",2
"840","2022-10-12","DNWS",0.211,"6517ANHAA",NA,0,4,"F","A","2022-10-11",1
"841","2022-10-12","DNWS",0.211,"5731ANHAA",NA,0,6,"F","A","2022-10-11",3
"842","2022-10-12","DNWS",0.211,"6535ANHAA","A1",1,7,"M","A","2022-10-12",1
"843","2022-10-12","DNWS",0.211,"6274ANHAA","A2",1,7,"M","A","2022-10-12",2
"844","2022-10-12","DNWS",0.211,"6285ANHAA","A5",1,7,"M","A","2022-10-12",2
"845","2022-10-12","DNWS",0.211,"6539ANHAA","A6",1,4,"M","A","2022-10-12",1
"846","2022-10-12","DNWS",0.211,"5596ANHAA","B2",1,7,"F","A","2022-10-12",13
"847","2022-10-12","DNWS",0.211,"6537ANHAA","B4",1,4,"M","A","2022-10-12",1
"848","2022-10-12","DNWS",0.211,"5920ANHAA","B6",1,2,"F","A","2022-10-12",6
"849","2022-10-12","DNWS",0.211,"6282ANHAA","C3",1,7,"M","A","2022-10-12",2
"850","2022-10-12","DNWS",0.211,"6239ANHAA","C4",1,5,"F","A","2022-10-12",3
"851","2022-10-12","DNWS",0.211,"6540ANHAA","C6",1,1,"M","A","2022-10-12",1
"852","2022-10-12","DNWS",0.211,"6238ANHAA","D3",1,8,"F","A","2022-10-12",3
"853","2022-10-12","DNWS",0.211,"5943ANHAA","D8",1,4,"F","A","2022-10-12",2
"854","2022-10-12","DNWS",0.211,"6538ANHAA","E6",1,3,"F","A","2022-10-12",1
"855","2022-10-12","DNWS",0.211,"6536ANHAA","F1",1,8,"F","A","2022-10-12",1
"856","2022-10-12","DNWS",0.211,"6243ANHAA","H1",1,10,"M","A","2022-10-12",3
"857","2022-10-18","DryandraMain",0.036,"956000015960357","LOL30A",1,5,"F","A","2022-10-18",48
"858","2022-10-18","DryandraMain",0.036,"956000015999014","LOL25B",1,5,"F","A","2022-10-18",48
"859","2022-10-18","DryandraMain",0.036,"956000015958017","LOL24A",1,6,"F","A","2022-10-18",48
"860","2022-10-18","DryandraMain",0.036,"956000016001771","LOL24B",1,6,"M","A","2022-10-18",48
"861","2022-10-18","DryandraMain",0.036,"956000015970492","LOL32B",1,5,"M","A","2022-10-18",48
"862","2022-10-18","DryandraMain",0.036,"956000014803169","VW01A",1,7,"M","A","2022-10-18",48
"863","2022-10-18","DryandraMain",0.036,"956000014803169","VW01A",1,7,"M","A","2022-10-18",48
"864","2022-10-18","DryandraMain",0.036,"956000014803169","VW01A",1,7,"M","A","2022-10-18",48
"865","2022-10-18","DryandraMain",0.036,"956000014803169","VW01A",1,7,"M","A","2022-10-18",48
"866","2022-10-18","DryandraMain",0.036,"956000014836435","VW01B",1,5,"F","A","2022-10-18",48
"867","2022-10-18","DryandraMain",0.036,"956000014836435","VW01B",1,5,"F","A","2022-10-18",48
"868","2022-10-18","DryandraMain",0.036,"956000014836435","VW01B",1,5,"F","A","2022-10-18",48
"869","2022-10-18","DryandraMain",0.036,"956000014836435","VW01B",1,5,"F","A","2022-10-18",48
"870","2022-10-18","DryandraMain",0.036,"956000014808478","VW02A",1,5,"F","A","2022-10-18",48
"871","2022-10-18","DryandraMain",0.036,"956000014808478","VW02A",1,5,"F","A","2022-10-18",48
"872","2022-10-18","DryandraMain",0.036,"956000014808478","VW02A",1,5,"F","A","2022-10-18",48
"873","2022-10-18","DryandraMain",0.036,"956000014808478","VW02A",1,5,"F","A","2022-10-18",48
"874","2022-10-18","DryandraMain",0.036,"956000014807368","VW02B",1,6,"M","A","2022-10-18",48
"875","2022-10-18","DryandraMain",0.036,"956000014807368","VW02B",1,6,"M","A","2022-10-18",48
"876","2022-10-18","DryandraMain",0.036,"956000014807368","VW02B",1,6,"M","A","2022-10-18",48
"877","2022-10-18","DryandraMain",0.036,"956000014807368","VW02B",1,6,"M","A","2022-10-18",48
"878","2022-10-18","DryandraMain",0.036,"956000015968426","VW04B",1,8.5,"M","A","2022-10-18",48
"879","2022-10-18","DryandraMain",0.036,"956000015968426","VW04B",1,8.5,"M","A","2022-10-18",48
"880","2022-10-18","DryandraMain",0.036,"956000015968426","VW04A",1,8.5,"M","A","2022-10-18",48
"881","2022-10-18","DryandraMain",0.036,"956000015968426","VW04A",1,8.5,"M","A","2022-10-18",48
"882","2022-10-18","DryandraMain",0.036,"956000015966471","VW04A",1,8.5,"F","A","2022-10-18",48
"883","2022-10-18","DryandraMain",0.036,"956000015966471","VW04A",1,8.5,"F","A","2022-10-18",48
"884","2022-10-18","DryandraMain",0.036,"956000015966471","VW04B",1,8.5,"F","A","2022-10-18",48
"885","2022-10-18","DryandraMain",0.036,"956000015966471","VW04B",1,8.5,"F","A","2022-10-18",48
"886","2022-10-18","DryandraMain",0.036,"956000015970814","VW06B",1,4,"M","A","2022-10-18",48
"887","2022-10-18","DryandraMain",0.036,"956000015965802","VW07B",1,2,"M","S","2022-10-18",48
"888","2022-10-18","DryandraMain",0.036,"956000014810977","VW07A",1,4,"F","A","2022-10-18",48
"889","2022-10-18","DryandraMain",0.036,"956000014839065","VW08B",1,4,"M","A","2022-10-18",48
"890","2022-10-18","DryandraMain",0.036,"956000014806824","VW10B",1,8,"M","A","2022-10-18",48
"891","2022-10-18","DryandraMain",0.036,"956000014802956","VW11B",1,5,"M","A","2022-10-18",48
"892","2022-10-18","DryandraMain",0.036,"956000014807474","VW12A",1,5,"F","A","2022-10-18",48
"893","2022-10-18","DryandraMain",0.036,"956000014809807","VW14B",1,3,"M","A","2022-10-18",48
"894","2022-10-18","DryandraMain",0.036,"956000014809348","VW14A",1,4,"M","S","2022-10-18",48
"895","2022-10-18","DryandraMain",0.036,"956000014801206","VW15B",1,10,"F","A","2022-10-18",48
"896","2022-10-18","DryandraMain",0.036,"956000014811375","VW15A",1,4,"F","A","2022-10-18",48
"897","2022-10-18","DryandraMain",0.036,"956000015966316","VW16A",1,5,"M","A","2022-10-18",48
"898","2022-10-18","DryandraMain",0.036,"956000015966773","VW17B",1,2,"F","A","2022-10-18",48
"899","2022-10-18","DryandraMain",0.036,"956000015966393","VW17A",1,4,"M","A","2022-10-18",48
"900","2022-10-18","DryandraMain",0.036,"956000015964921","VW18B",1,5,"M","A","2022-10-18",48
"901","2022-10-18","DryandraMain",0.036,"956000015971140","VW18A",1,5,"M","A","2022-10-18",48
